Date,MSFT,AAPL,META,ORCL,GOOGL,AMZN,NVDA,ADBE,CRM,INTC,^GSPC
,MSFT,AAPL,META,ORCL,GOOGL,AMZN,NVDA,ADBE,CRM,INTC,^GSPC
2021-05-17,235.26,123.08,313.0,73.91,113.51,163.52,14.13,482.74,211.95,50.63,4163.29
2021-05-18,233.25,121.7,307.55,73.55,112.2,161.61,13.98,480.62,211.23,50.18,4127.83
2021-05-19,233.83,121.54,311.15,73.59,112.64,161.59,14.03,480.47,218.14,50.66,4115.68
2021-05-20,237.06,124.1,316.13,73.57,114.4,162.38,14.58,491.67,220.54,51.2,4159.12
2021-05-21,235.8,122.26,313.77,73.86,113.77,160.15,14.95,488.07,219.36,51.32,4155.86
2021-05-24,241.19,123.89,322.1,74.19,117.08,162.25,15.57,497.83,223.71,52.12,4197.05
2021-05-25,242.1,123.7,325.24,73.68,117.18,162.95,15.61,505.08,224.42,52.04,4188.13
2021-05-26,241.88,123.65,325.11,74.08,118.04,163.26,15.66,506.98,226.36,52.09,4195.99
2021-05-27,239.78,122.12,330.16,73.82,117.17,161.51,15.45,498.28,222.56,52.83,4200.88
2021-05-28,240.14,121.46,326.17,73.59,116.88,161.15,16.2,504.58,234.65,52.27,4204.11
2021-06-01,237.94,121.14,326.57,74.37,118.08,160.93,16.22,495.91,232.78,52.06,4202.04
2021-06-02,237.85,121.9,326.59,75.02,117.56,161.7,16.74,495.77,231.23,52.6,4208.12
2021-06-03,236.32,120.42,323.5,75.79,116.42,159.35,16.93,493.14,227.5,51.47,4192.85
2021-06-04,241.2,122.71,327.78,77.47,118.7,160.31,17.53,504.5,234.04,52.5,4229.89
2021-06-07,244.11,122.72,333.96,78.45,119.13,159.9,17.57,509.47,234.69,52.24,4226.52
2021-06-08,242.92,123.54,331.08,79.08,118.94,163.21,17.41,509.2,233.0,52.16,4227.26
2021-06-09,243.9,123.92,327.68,78.99,119.41,164.06,17.32,514.68,232.67,52.16,4219.55
2021-06-10,247.41,122.93,329.87,76.92,120.76,167.48,17.39,535.52,236.71,52.51,4239.18
2021-06-11,248.03,124.13,328.68,77.48,120.51,167.34,17.78,541.26,236.83,52.94,4247.44
2021-06-14,249.96,127.19,334.15,77.22,121.44,169.19,17.98,556.95,242.7,53.25,4255.15
2021-06-15,248.48,126.37,334.13,76.3,120.42,169.16,17.75,548.46,239.07,53.07,4246.59
2021-06-16,247.54,126.86,328.5,72.04,119.78,170.76,17.77,543.33,238.88,52.36,4223.7
2021-06-17,250.93,128.46,333.89,72.49,120.75,174.46,18.61,551.36,240.89,52.33,4221.86
2021-06-18,249.51,127.17,327.09,71.25,119.13,174.35,18.6,565.59,239.27,50.94,4166.45
2021-06-21,252.59,128.96,329.7,72.89,120.81,172.7,18.39,567.35,240.94,51.13,4224.79
2021-06-22,255.36,130.6,336.39,73.54,121.33,175.27,18.84,575.74,239.59,51.13,4246.44
2021-06-23,255.13,130.32,337.94,72.99,121.13,175.19,19.01,574.23,238.34,50.57,4241.84
2021-06-24,256.5,130.04,340.51,72.66,121.5,172.45,19.16,578.26,240.24,51.31,4266.49
2021-06-25,254.89,129.75,338.71,73.33,121.5,170.07,18.99,579.66,238.37,51.16,4280.7
2021-06-28,258.45,131.38,352.87,73.37,121.53,172.19,19.94,588.8,241.03,52.6,4290.61
2021-06-29,261.03,132.89,349.15,72.99,121.27,172.41,19.98,590.75,242.25,51.93,4291.8
2021-06-30,260.54,133.5,345.0,72.75,121.09,172.01,19.96,585.64,240.74,51.37,4297.5
2021-07-01,261.22,133.8,351.63,74.34,121.44,171.65,20.17,584.73,241.44,51.26,4319.94
2021-07-02,267.04,136.43,351.94,76.47,124.23,175.55,20.44,593.07,244.61,51.94,4352.34
2021-07-06,267.05,138.43,350.03,77.65,125.16,183.79,20.65,596.9,246.63,51.33,4343.54
2021-07-07,269.23,140.92,347.76,80.46,125.44,184.83,20.33,605.77,244.85,51.21,4358.13
2021-07-08,266.82,139.62,342.96,79.99,124.02,186.57,19.86,605.95,242.24,50.69,4320.82
2021-07-09,267.32,141.45,347.69,82.02,124.49,185.97,20.0,604.5,241.51,51.24,4369.55
2021-07-12,266.72,140.85,350.41,81.39,125.93,185.93,20.47,600.2,239.4,51.91,4384.63
2021-07-13,270.24,141.96,349.35,81.38,126.3,183.87,20.2,605.01,240.49,52.04,4369.21
2021-07-14,271.71,145.38,344.92,82.81,127.19,184.08,19.8,608.83,238.92,51.72,4374.3
2021-07-15,270.29,144.73,341.78,80.9,125.96,181.56,18.92,606.17,234.14,51.07,4360.03
2021-07-16,270.02,142.69,338.5,82.07,125.93,178.68,18.12,606.1,234.98,50.3,4327.16
2021-07-19,266.42,138.85,334.33,81.59,123.56,177.48,18.74,602.05,234.11,50.0,4258.49
2021-07-20,268.64,142.46,339.0,83.17,125.17,178.66,18.57,608.72,236.64,50.55,4323.06
2021-07-21,270.64,141.73,343.53,84.14,126.5,179.26,19.37,612.26,238.61,51.46,4358.69
2021-07-22,275.2,143.09,348.46,85.07,127.37,181.9,19.55,623.68,244.69,51.21,4367.48
2021-07-23,278.6,144.81,366.91,82.26,131.92,182.83,19.51,625.87,244.66,48.5,4411.79
2021-07-26,278.0,145.23,369.56,82.42,132.94,184.99,19.25,620.8,244.02,49.7,4422.3
2021-07-27,275.59,143.06,364.95,82.36,130.82,181.32,19.16,618.28,239.99,48.67,4401.46
2021-07-28,275.28,141.32,370.37,81.78,134.98,181.52,19.46,620.92,240.43,48.57,4400.64
2021-07-29,275.55,141.96,355.53,82.2,134.66,180.0,19.62,621.7,240.51,49.14,4419.15
2021-07-30,274.02,142.18,353.53,81.74,133.62,166.38,19.45,621.63,238.43,49.16,4395.26
2021-08-02,273.93,141.85,349.21,82.17,133.75,166.57,19.7,618.75,237.37,49.12,4387.16
2021-08-03,276.14,143.64,348.51,84.18,134.52,168.31,19.77,621.28,237.64,49.47,4423.15
2021-08-04,275.56,143.24,356.13,84.47,134.02,167.74,20.23,625.68,240.64,49.32,4402.66
2021-08-05,278.45,143.35,360.14,83.89,135.13,168.8,20.59,632.08,246.93,49.64,4429.1
2021-08-06,278.4,142.66,360.68,83.98,134.63,167.25,20.32,631.38,246.96,49.66,4436.52
2021-08-09,277.31,142.61,358.79,84.33,135.79,167.09,20.25,629.22,245.71,49.78,4432.35
2021-08-10,275.49,142.14,358.32,84.09,135.69,166.03,19.89,621.74,239.87,49.68,4436.75
2021-08-11,275.98,142.39,357.16,84.08,135.16,164.61,19.65,626.03,238.77,49.87,4442.41
2021-08-12,278.73,145.35,359.83,84.25,136.07,165.18,19.86,634.35,244.8,49.31,4460.83
2021-08-13,281.66,145.55,360.35,84.78,136.6,164.7,20.14,637.31,247.92,49.27,4468.0
2021-08-16,283.34,147.53,363.71,85.2,137.18,164.95,19.9,636.94,245.59,49.25,4479.71
2021-08-17,281.88,146.62,355.66,85.32,135.54,162.1,19.41,635.01,243.42,48.53,4448.08
2021-08-18,280.15,142.88,352.68,83.43,134.34,160.06,19.0,626.77,247.59,48.07,4400.27
2021-08-19,285.97,143.21,352.35,83.22,134.57,159.39,19.75,637.66,249.41,48.3,4405.8
2021-08-20,293.29,144.66,356.57,83.43,136.3,160.0,20.77,647.34,252.42,47.9,4441.67
2021-08-23,293.57,146.15,360.52,83.6,138.89,163.29,21.91,656.86,256.75,49.03,4479.53
2021-08-24,291.61,146.06,362.66,83.07,140.1,165.29,21.74,657.24,255.9,49.56,4486.23
2021-08-25,291.02,144.83,365.52,83.13,140.91,164.96,22.16,656.8,257.08,49.56,4496.19
2021-08-26,288.21,144.03,361.54,83.23,140.28,165.8,22.02,652.39,263.92,48.94,4470.0
2021-08-27,288.82,145.07,369.73,83.82,142.82,167.48,22.58,658.52,262.67,49.64,4509.37
2021-08-30,292.54,149.48,377.7,83.91,143.41,171.08,22.64,665.99,261.14,49.68,4528.79
2021-08-31,290.9,148.22,376.43,83.61,143.51,173.54,22.34,663.7,261.43,49.79,4522.68
2021-09-01,290.85,148.88,379.08,84.38,144.03,173.95,22.39,665.89,264.44,49.43,4524.09
2021-09-02,290.19,150.0,372.36,84.24,142.11,173.16,22.35,664.64,260.33,49.49,4536.95
2021-09-03,290.18,150.63,373.33,84.43,142.56,173.9,22.79,666.59,263.22,49.29,4535.43
2021-09-07,289.26,152.96,379.2,83.23,143.1,175.46,22.61,661.39,261.37,49.41,4520.03
2021-09-08,289.29,151.42,374.63,83.93,142.51,176.27,22.29,663.22,258.82,49.34,4514.07
2021-09-09,286.43,150.41,375.06,83.99,142.36,174.21,22.13,661.68,256.97,49.18,4493.28
2021-09-10,284.95,145.43,375.74,84.13,139.72,173.46,22.43,658.94,253.48,49.59,4458.58
2021-09-13,286.18,145.99,373.58,83.39,141.17,172.86,22.11,645.15,250.43,50.65,4468.73
2021-09-14,288.88,144.6,373.6,81.04,141.38,172.5,22.2,645.01,250.69,50.22,4443.05
2021-09-15,293.73,145.48,371.01,82.3,143.25,173.79,22.29,661.08,252.45,50.77,4480.7
2021-09-16,294.12,145.25,370.16,81.85,142.43,174.41,22.2,665.11,256.59,50.5,4473.75
2021-09-17,288.96,142.59,361.88,81.04,139.65,173.13,21.85,654.48,256.76,49.98,4432.99
2021-09-20,283.59,139.54,352.93,80.83,137.58,167.79,21.07,641.29,254.48,48.8,4357.73
2021-09-21,284.07,140.02,354.7,81.54,137.89,167.18,21.2,645.89,254.24,48.7,4354.19
2021-09-22,287.72,142.38,340.54,82.96,139.13,169.0,21.89,626.08,255.42,49.28,4395.64
2021-09-23,288.66,143.34,343.27,83.88,140.06,170.8,22.43,630.84,273.84,49.76,4448.98
2021-09-24,288.46,143.43,350.21,84.37,141.05,171.28,22.03,622.71,281.5,49.94,4455.48
2021-09-27,283.47,141.91,350.83,85.4,139.92,170.29,21.61,603.65,275.63,50.35,4443.11
2021-09-28,273.2,138.53,338.0,84.89,134.72,165.8,20.66,578.77,268.34,49.74,4352.63
2021-09-29,273.67,139.43,336.97,85.6,133.25,165.06,20.47,577.7,266.59,49.27,4359.46
2021-09-30,271.66,138.13,336.75,81.73,132.58,164.25,20.67,575.72,267.3,49.07,4307.54
2021-10-01,278.58,139.26,340.34,84.18,135.42,164.16,20.7,577.47,271.28,49.61,4357.04
2021-10-04,272.81,135.83,323.69,83.73,132.56,159.49,19.69,558.49,266.94,49.25,4300.46
2021-10-05,278.25,137.75,330.37,85.82,134.91,161.05,20.41,566.7,267.84,49.69,4345.72
2021-10-06,282.45,138.62,331.04,85.68,136.44,163.1,20.66,570.31,271.29,49.72,4363.55
2021-10-07,284.12,139.88,326.66,86.59,138.08,165.12,21.03,578.96,270.61,49.9,4399.76
2021-10-08,284.12,139.5,327.48,88.85,138.64,164.43,20.79,576.86,268.54,49.56,4391.34
2021-10-11,283.52,139.41,322.92,89.7,137.78,162.32,20.65,573.07,269.79,49.22,4361.19
2021-10-12,282.22,138.14,321.25,89.96,135.33,162.37,20.63,580.69,274.96,48.05,4350.65
2021-10-13,285.53,137.56,322.01,90.74,136.45,164.21,20.89,591.12,280.29,48.13,4363.8
2021-10-14,291.73,140.34,325.97,89.69,139.99,164.99,21.7,607.51,285.82,49.65,4438.26
2021-10-15,293.14,141.39,322.23,89.74,140.21,170.45,21.82,610.09,287.44,50.16,4471.37
2021-10-18,296.11,143.06,332.73,90.85,141.61,172.34,22.18,622.83,287.48,50.17,4486.46
2021-10-19,297.02,145.22,337.34,91.37,142.06,172.21,22.24,636.07,288.11,50.85,4519.63
2021-10-20,296.23,145.71,338.13,90.97,140.61,170.75,22.06,632.37,285.89,51.0,4536.19
2021-10-21,299.45,145.92,339.22,90.65,140.72,171.75,22.64,638.66,285.62,51.58,4549.78
2021-10-22,297.91,145.15,322.08,92.49,136.44,166.78,22.68,643.58,288.33,45.56,4544.9
2021-10-25,296.92,145.1,326.13,92.15,136.32,166.02,23.12,646.97,289.67,45.51,4566.48
2021-10-26,298.83,145.77,313.35,91.29,138.17,168.8,24.66,642.5,290.84,44.47,4574.79
2021-10-27,311.41,145.31,309.79,90.4,145.02,169.62,24.4,640.08,290.88,44.11,4551.68
2021-10-28,312.55,148.94,314.45,90.58,144.65,172.33,24.89,639.28,294.06,44.28,4596.42
2021-10-29,319.55,146.24,321.05,90.31,146.83,168.62,25.51,650.36,295.35,45.13,4605.38
2021-11-01,317.39,145.42,327.41,88.84,142.32,165.91,25.77,640.2,298.38,45.64,4613.67
2021-11-02,321.01,146.45,325.53,90.25,144.24,165.64,26.35,640.4,298.57,45.92,4630.65
2021-11-03,321.85,147.89,329.04,90.51,145.4,169.2,26.54,655.18,298.51,46.41,4660.57
2021-11-04,324.2,147.37,333.23,90.02,147.05,173.85,29.74,674.08,303.58,46.66,4680.06
2021-11-05,323.83,147.9,338.47,89.38,147.63,175.95,29.69,662.72,302.8,47.23,4697.53
2021-11-08,324.73,147.08,335.98,89.56,147.81,174.45,30.74,666.02,305.48,47.81,4701.7
2021-11-09,323.73,147.44,332.76,89.04,147.7,178.81,30.59,667.92,305.23,47.49,4685.25
2021-11-10,318.76,144.61,325.09,88.33,144.7,174.1,29.4,647.5,295.33,47.08,4646.71
2021-11-11,320.33,144.56,325.19,88.52,144.57,173.62,30.33,643.17,298.6,46.86,4649.27
2021-11-12,324.47,146.64,338.24,88.05,147.46,176.26,30.33,657.6,302.21,46.66,4682.85
2021-11-15,323.84,146.65,344.85,88.5,147.24,177.28,29.96,659.73,301.07,46.67,4682.8
2021-11-16,327.16,147.62,340.29,90.0,146.66,177.04,30.14,671.03,302.65,46.94,4700.9
2021-11-17,327.38,150.06,338.12,89.74,146.83,177.45,29.2,670.67,303.56,46.59,4688.67
2021-11-18,329.46,154.34,336.05,89.11,148.61,184.8,31.61,670.96,298.61,46.08,4704.54
2021-11-19,331.23,156.96,342.61,88.46,147.71,183.83,32.92,688.37,296.81,45.93,4697.96
2021-11-22,328.06,157.42,338.35,89.06,145.1,178.63,31.89,673.57,292.54,46.22,4682.94
2021-11-23,325.99,157.8,334.62,87.49,144.59,179.0,31.68,665.16,287.2,45.54,4690.7
2021-11-24,326.21,158.32,338.4,88.09,144.92,179.02,32.61,668.32,284.99,46.15,4701.46
2021-11-26,318.27,153.3,330.53,86.91,141.02,175.23,31.44,662.1,280.1,45.24,4594.62
2021-11-29,324.98,156.66,335.4,87.49,144.34,178.08,33.31,687.49,292.45,46.37,4655.27
2021-11-30,319.14,161.6,321.93,85.42,140.73,175.35,32.61,669.85,280.84,45.63,4567.0
2021-12-01,318.65,161.09,308.18,84.48,139.9,172.19,31.37,657.41,247.86,45.07,4513.04
2021-12-02,318.08,160.1,307.97,84.71,141.79,171.87,32.06,671.88,257.42,45.91,4577.1
2021-12-03,311.83,158.22,304.45,83.06,140.84,169.49,30.63,616.53,254.58,45.68,4538.43
2021-12-06,314.9,161.62,315.39,83.72,141.98,171.37,29.98,622.04,255.01,47.29,4591.67
2021-12-07,323.32,167.35,320.3,84.77,146.06,176.16,32.36,649.96,263.13,48.76,4686.75
2021-12-08,323.37,171.16,327.99,83.72,146.97,176.16,31.76,653.1,262.46,48.0,4701.21
2021-12-09,321.57,170.66,327.25,83.56,146.43,174.17,30.43,632.57,260.5,46.82,4667.45
2021-12-10,330.68,175.44,327.18,96.61,146.79,172.21,30.14,654.45,262.18,46.92,4712.02
2021-12-13,327.65,171.81,331.89,94.97,144.63,169.57,28.11,658.3,261.91,46.37,4668.97
2021-12-14,316.97,170.43,331.14,94.03,142.73,169.09,28.28,614.86,251.89,46.1,4634.09
2021-12-15,323.06,175.29,339.0,97.57,145.24,173.32,30.4,630.33,256.28,46.99,4709.85
2021-12-16,313.65,168.41,332.29,97.16,143.26,168.87,28.33,566.09,249.46,47.14,4668.67
2021-12-17,312.59,167.31,331.19,90.95,140.56,170.02,27.75,556.64,249.27,46.95,4620.64
2021-12-20,308.83,165.95,322.92,86.26,140.45,167.08,27.66,549.77,243.63,46.0,4568.02
2021-12-21,315.96,169.12,331.6,86.14,142.3,170.42,29.02,557.52,248.9,47.09,4649.23
2021-12-22,321.66,171.71,327.88,84.59,145.21,171.04,29.34,563.98,249.14,47.27,4696.56
2021-12-23,323.1,172.34,332.63,84.46,145.71,171.07,29.58,569.62,249.48,47.59,4725.79
2021-12-27,330.59,176.3,343.48,84.29,146.69,169.67,30.88,577.68,254.56,48.17,4791.19
2021-12-28,329.44,175.28,343.52,83.45,145.48,170.66,30.26,569.36,251.75,48.01,4786.35
2021-12-29,330.11,175.37,340.27,83.04,145.45,169.2,29.94,569.29,250.86,48.07,4793.06
2021-12-30,327.57,174.21,341.68,82.85,145.0,168.64,29.53,570.53,251.64,47.99,4778.73
2021-12-31,324.68,173.6,333.73,82.09,143.66,166.72,29.35,567.06,250.45,47.76,4766.18
2022-01-03,323.16,177.94,335.9,82.74,143.8,170.4,30.06,564.37,251.76,49.35,4796.56
2022-01-04,317.62,175.68,333.91,83.63,143.22,167.52,29.23,554.0,244.64,49.29,4793.54
2022-01-05,305.43,171.01,321.65,81.39,136.65,164.36,27.55,514.43,224.38,49.96,4700.58
2022-01-06,303.01,168.15,329.87,81.58,136.62,163.25,28.12,514.12,225.83,50.09,4696.05
2022-01-07,303.17,168.32,329.21,82.68,135.89,162.55,27.19,510.7,225.01,49.56,4677.03
2022-01-10,303.39,168.34,325.52,84.35,137.53,161.49,27.35,525.83,226.31,51.21,4670.29
2022-01-11,304.08,171.16,331.77,83.6,138.59,165.36,27.76,529.89,231.44,51.85,4713.07
2022-01-12,307.25,171.6,330.67,83.44,140.27,165.21,27.94,532.37,234.39,51.7,4726.35
2022-01-13,294.25,168.34,323.94,82.95,137.45,161.21,26.52,516.9,225.32,50.95,4659.03
2022-01-14,299.46,169.2,329.32,82.85,138.34,162.14,26.89,520.6,227.88,51.66,4662.85
2022-01-18,292.17,166.0,315.67,80.83,134.88,158.92,25.85,513.34,222.79,50.79,4577.11
2022-01-19,292.83,162.51,317.1,78.78,134.01,156.3,25.02,516.58,223.0,49.73,4532.76
2022-01-20,291.16,160.83,314.1,78.16,132.21,151.67,24.1,510.85,219.71,48.27,4482.73
2022-01-21,285.78,158.78,300.81,77.68,129.28,142.64,23.33,499.91,215.47,48.27,4397.94
2022-01-24,286.11,158.01,306.31,77.87,129.73,144.54,23.33,519.66,219.8,48.17,4410.13
2022-01-25,278.5,156.21,297.81,76.6,125.89,139.99,22.28,502.72,212.27,47.3,4356.45
2022-01-26,286.44,156.12,292.34,75.2,128.17,138.87,22.73,500.81,207.95,47.94,4349.93
2022-01-27,289.46,155.66,292.35,75.38,127.95,139.64,21.9,493.05,209.66,44.56,4326.51
2022-01-28,297.59,166.52,299.36,76.04,132.26,143.98,22.79,518.16,218.92,44.27,4431.85
2022-01-31,300.21,170.87,310.82,76.68,134.19,149.57,24.44,534.3,229.26,45.28,4515.55
2022-02-01,298.07,170.71,316.52,76.57,136.52,151.19,24.59,535.98,228.76,45.4,4546.54
2022-02-02,302.61,171.91,320.49,77.95,146.79,150.61,25.19,533.09,221.75,45.92,4589.38
2022-02-03,290.82,169.03,235.91,77.42,141.92,138.85,23.9,510.83,209.69,44.78,4477.44
2022-02-04,295.35,168.75,235.24,77.58,142.12,157.64,24.27,513.54,216.06,44.87,4500.53
2022-02-07,290.53,168.04,223.16,76.29,138.06,157.94,24.68,507.1,213.83,45.03,4483.87
2022-02-08,294.02,171.14,218.47,76.33,138.26,161.41,25.06,511.31,214.28,45.61,4521.54
2022-02-09,300.44,172.56,230.19,78.85,140.43,161.19,26.65,521.75,218.83,46.64,4587.18
2022-02-10,291.91,168.49,226.29,77.33,137.48,159.0,25.77,495.02,214.52,45.66,4504.08
2022-02-11,284.83,165.08,217.84,75.35,133.18,153.29,23.9,473.97,204.89,44.51,4418.64
2022-02-14,284.79,165.31,216.0,74.59,134.42,155.17,24.22,474.01,203.41,44.47,4401.67
2022-02-15,290.07,169.14,219.28,75.37,135.49,156.51,26.44,479.5,211.15,45.27,4471.07
2022-02-16,289.73,168.91,214.85,74.82,136.61,158.1,26.46,477.7,208.68,45.07,4475.01
2022-02-17,281.25,165.31,206.09,71.36,131.45,154.65,24.46,457.71,197.14,44.46,4380.26
2022-02-18,278.54,163.77,204.55,70.46,129.33,152.6,23.6,442.56,193.99,42.09,4348.87
2022-02-22,278.33,160.85,200.51,70.03,128.75,150.2,23.34,438.4,192.31,41.76,4304.76
2022-02-23,271.13,156.69,196.9,68.47,126.54,144.83,22.34,429.45,187.78,41.73,4225.5
2022-02-24,284.98,159.3,205.98,70.68,131.6,151.36,23.7,463.82,201.33,43.66,4288.7
2022-02-25,287.61,161.37,208.84,72.14,133.36,153.79,24.11,465.54,205.08,44.59,4384.65
2022-02-28,289.04,161.63,209.39,71.78,133.95,153.56,24.34,467.68,207.48,44.58,4373.94
2022-03-01,285.33,159.75,201.91,71.82,132.96,151.14,23.43,466.68,205.87,43.75,4306.26
2022-03-02,290.4,163.04,206.49,73.96,133.47,152.05,24.18,471.18,207.35,45.67,4386.54
2022-03-03,286.27,162.72,201.39,73.93,132.8,147.9,23.67,459.08,201.79,44.79,4363.49
2022-03-04,280.4,159.72,198.5,72.27,130.83,145.64,22.89,452.13,200.07,44.92,4328.87
2022-03-07,269.81,155.94,186.01,70.22,125.34,137.45,21.31,437.97,193.39,44.56,4201.09
2022-03-08,266.85,154.12,188.81,69.28,126.06,136.01,21.47,431.53,189.3,44.39,4170.7
2022-03-09,279.09,159.51,196.95,71.9,132.33,139.28,22.97,450.87,200.22,44.51,4277.88
2022-03-10,276.27,155.17,193.69,72.42,131.34,146.82,22.62,438.95,197.25,43.61,4259.52
2022-03-11,270.93,151.46,186.15,73.53,128.81,145.52,22.06,416.38,195.04,42.83,4204.31
2022-03-14,267.42,147.44,185.18,72.82,124.92,141.85,21.29,411.5,190.33,41.49,4173.11
2022-03-15,277.78,151.81,190.53,76.15,128.14,147.37,22.93,421.66,193.3,41.88,4262.45
2022-03-16,284.79,156.22,202.04,75.55,132.19,153.1,24.45,442.36,202.6,43.58,4357.86
2022-03-17,285.59,157.23,206.22,76.15,132.74,157.24,24.72,444.36,207.37,44.05,4411.67
2022-03-18,290.63,160.52,214.8,77.17,135.01,161.25,26.4,453.33,215.63,44.34,4463.12
2022-03-21,289.4,161.89,209.84,76.49,134.99,161.49,26.69,453.59,210.63,44.29,4461.18
2022-03-22,294.14,165.25,214.96,77.29,138.72,164.89,26.48,466.45,215.05,45.22,4511.61
2022-03-23,289.72,166.62,211.8,75.95,137.14,163.41,25.59,422.9,208.06,45.11,4456.24
2022-03-24,294.18,170.39,217.86,77.7,140.41,163.65,28.1,432.14,210.88,48.24,4520.16
2022-03-25,293.77,171.03,220.09,77.22,140.51,164.77,27.64,431.62,207.98,48.44,4543.06
2022-03-28,300.56,171.89,221.85,78.99,140.3,168.99,28.17,450.01,212.17,48.14,4575.52
2022-03-29,305.12,175.18,228.07,79.64,141.34,169.32,28.6,466.33,218.09,48.83,4631.6
2022-03-30,303.62,174.02,226.08,78.76,140.77,166.3,27.64,460.06,211.83,48.06,4602.45
2022-03-31,298.25,170.92,220.63,78.17,137.93,163.0,27.24,455.62,209.25,46.32,4530.41
2022-04-01,299.33,170.63,223.1,77.49,139.0,163.56,26.66,458.19,209.18,44.96,4545.86
2022-04-04,304.69,174.67,232.07,79.43,141.8,168.35,27.31,468.81,215.68,45.98,4582.64
2022-04-05,300.74,171.36,230.03,78.36,139.44,164.05,25.88,458.58,207.1,44.98,4525.12
2022-04-06,289.73,168.2,221.56,77.59,135.43,158.76,24.36,444.33,197.91,44.43,4481.15
2022-04-07,291.54,168.5,221.21,77.34,134.77,157.78,24.16,452.72,197.26,44.45,4500.21
2022-04-08,287.28,166.5,220.6,76.77,132.19,154.46,23.08,445.34,194.32,43.94,4488.28
2022-04-11,275.95,162.25,214.77,75.65,127.77,151.12,21.88,434.44,192.62,43.52,4412.53
2022-04-12,272.86,164.12,212.47,75.25,126.67,150.79,21.46,426.77,191.99,43.46,4397.45
2022-04-13,278.24,166.8,213.32,75.64,128.83,155.54,22.16,431.67,192.89,43.93,4446.59
2022-04-14,270.7,161.8,208.54,75.36,125.69,151.71,21.22,420.44,186.67,42.68,4392.59
2022-04-18,271.37,161.58,209.13,74.19,126.63,152.79,21.74,425.47,184.3,43.59,4391.69
2022-04-19,275.99,163.86,215.62,75.46,128.94,158.12,22.16,436.4,188.62,44.79,4462.21
2022-04-20,277.02,163.7,198.86,76.16,126.99,154.0,21.44,428.11,183.54,44.96,4459.45
2022-04-21,271.65,162.91,186.61,75.39,123.79,148.3,20.15,417.48,174.67,44.39,4393.66
2022-04-22,265.09,158.37,182.68,72.29,118.65,144.35,19.48,408.67,168.95,43.49,4271.78
2022-04-25,271.56,159.44,185.53,73.02,122.07,146.07,19.87,413.95,172.04,43.98,4296.12
2022-04-26,261.4,153.49,179.54,70.67,117.68,139.39,18.75,399.12,167.62,42.54,4175.2
2022-04-27,273.98,153.26,173.59,70.91,113.36,138.17,18.38,397.9,172.15,42.26,4183.96
2022-04-28,280.18,160.18,204.13,72.22,117.55,144.6,19.75,410.53,183.05,43.77,4287.5
2022-04-29,268.47,154.32,198.91,69.62,113.17,124.28,18.51,395.95,173.39,40.74,4131.93
2022-05-02,275.19,154.62,209.49,70.19,115.63,124.5,19.5,407.29,175.0,42.02,4155.38
2022-05-03,272.59,156.11,210.38,69.52,116.37,124.25,19.57,407.58,175.78,42.11,4175.48
2022-05-04,280.52,162.51,221.67,71.34,121.26,125.93,20.3,423.35,182.8,43.49,4300.17
2022-05-05,268.3,153.46,206.66,69.05,115.55,116.41,18.81,400.51,169.81,42.01,4146.87
2022-05-06,265.77,154.18,202.18,68.76,114.8,114.77,18.64,391.01,167.24,41.73,4123.34
2022-05-09,255.95,149.07,194.68,67.86,111.59,108.79,16.92,376.91,161.23,40.57,3991.24
2022-05-10,260.71,151.47,196.11,68.8,113.46,108.86,17.56,393.03,164.73,41.45,4001.05
2022-05-11,252.05,143.62,187.27,67.37,112.67,105.37,16.6,379.33,158.94,40.34,3935.18
2022-05-12,247.02,139.75,189.75,67.09,111.92,106.93,16.15,388.49,158.1,40.35,3930.08
2022-05-13,252.6,144.21,197.07,67.51,115.1,113.06,17.67,405.45,164.49,41.07,4023.89
2022-05-16,252.97,142.68,198.48,66.12,113.51,110.81,17.23,402.86,161.75,40.58,4008.01
2022-05-17,258.12,146.3,201.04,68.18,115.52,115.37,18.14,409.65,161.36,41.82,4088.85
2022-05-18,246.36,138.05,190.74,64.78,110.98,107.11,16.91,397.88,155.05,39.89,3923.68
2022-05-19,245.45,134.65,189.8,63.59,109.48,107.32,17.09,394.38,153.35,39.57,3900.79
2022-05-20,244.89,134.88,192.03,65.1,108.02,107.59,16.66,399.09,157.34,39.23,3901.36
2022-05-23,252.73,140.29,194.7,66.43,110.57,107.56,16.87,406.76,158.0,39.56,3973.75
2022-05-24,251.74,137.6,179.87,65.48,105.1,104.1,16.12,398.41,154.66,39.25,3941.48
2022-05-25,254.55,137.75,182.4,66.24,104.94,106.78,16.94,402.5,157.34,39.75,3978.73
2022-05-26,257.82,140.95,190.14,67.97,106.91,111.08,17.82,408.6,160.11,40.95,4057.84
2022-05-27,264.94,146.7,193.61,69.03,111.4,115.15,18.78,428.22,162.71,41.96,4158.24
2022-05-31,263.61,145.91,192.13,68.22,112.83,120.21,18.64,416.48,157.92,41.84,4132.15
2022-06-01,264.15,145.78,187.17,67.91,112.96,121.68,18.29,418.16,173.52,41.55,4101.23
2022-06-02,266.24,148.23,197.31,69.38,116.66,125.51,19.56,441.28,185.67,42.24,4176.82
2022-06-03,261.82,142.52,189.29,68.09,113.6,122.35,18.69,429.76,182.23,40.87,4108.54
2022-06-06,260.59,143.26,192.74,69.21,115.86,124.79,18.75,429.46,180.22,40.82,4121.43
2022-06-07,264.22,145.78,194.13,68.95,116.19,123.0,18.89,433.42,184.44,41.0,4160.68
2022-06-08,262.2,145.05,195.11,67.71,116.23,121.18,18.62,428.84,186.45,38.84,4115.77
2022-06-09,256.75,139.83,182.57,65.66,113.89,116.15,18.02,426.42,184.4,37.69,4017.82
2022-06-10,245.31,134.43,174.2,63.68,110.25,109.65,16.95,393.84,175.87,36.9,3900.86
2022-06-13,234.9,129.28,162.98,60.75,105.52,103.67,15.62,371.65,163.63,35.58,3749.63
2022-06-14,237.06,130.15,162.46,67.08,105.84,102.31,15.81,370.82,162.07,35.73,3735.48
2022-06-15,244.11,132.76,168.03,66.11,108.86,107.67,16.5,376.92,166.11,36.41,3789.99
2022-06-16,237.53,127.5,159.62,65.17,105.16,103.66,15.58,365.08,157.54,35.17,3666.77
2022-06-17,240.13,128.97,162.47,64.23,106.27,106.22,15.85,360.79,160.9,34.82,3674.84
2022-06-21,246.03,133.2,155.83,64.2,110.63,108.68,16.54,362.99,164.42,35.54,3764.79
2022-06-22,245.44,132.69,154.64,63.11,110.57,108.95,16.33,365.33,165.03,35.21,3759.89
2022-06-23,251.0,135.55,157.51,64.15,111.32,112.44,16.2,376.64,170.55,35.24,3795.73
2022-06-24,259.57,138.87,168.84,67.06,117.01,116.46,17.1,387.72,183.23,36.37,3911.74
2022-06-27,256.84,138.87,168.17,66.79,114.88,113.22,16.84,381.07,178.69,36.39,3900.11
2022-06-28,248.69,134.74,159.43,65.05,111.09,107.4,15.96,365.63,168.98,35.59,3821.55
2022-06-29,252.36,136.49,162.66,65.65,110.79,108.92,15.52,368.5,168.14,35.12,3818.83
2022-06-30,249.03,134.03,159.99,66.27,108.07,106.21,15.13,366.06,162.65,35.24,3785.38
2022-07-01,251.7,136.2,158.78,67.22,107.85,109.56,14.5,368.48,165.77,34.23,3825.33
2022-07-05,254.87,138.77,166.88,68.28,112.33,113.5,14.94,376.49,169.71,34.56,3831.39
2022-07-06,258.12,140.11,168.45,67.97,113.63,114.33,15.11,382.83,170.23,34.84,3845.08
2022-07-07,260.25,143.47,170.85,68.13,117.81,116.33,15.83,390.89,174.08,35.92,3902.62
2022-07-08,259.53,144.15,169.55,68.17,118.38,115.54,15.81,389.44,172.96,35.78,3899.38
2022-07-11,256.48,142.02,161.61,68.19,114.73,111.75,15.13,384.16,171.84,35.04,3854.43
2022-07-12,245.97,142.99,162.0,67.08,113.09,109.22,15.06,375.54,163.92,35.05,3818.8
2022-07-13,245.04,142.63,162.22,66.72,110.44,110.4,15.14,371.94,161.12,35.05,3801.78
2022-07-14,246.36,145.55,156.82,66.17,109.46,110.63,15.35,372.96,158.71,35.52,3790.38
2022-07-15,248.92,147.21,163.42,67.4,110.86,113.55,15.74,379.86,164.96,36.38,3863.16
2022-07-18,246.53,144.18,165.93,66.89,108.14,113.76,16.08,375.23,165.46,36.46,3830.85
2022-07-19,251.65,148.03,174.41,68.83,112.88,118.21,16.96,387.83,171.3,37.88,3936.69
2022-07-20,254.3,150.03,181.66,69.16,112.97,122.77,17.78,401.49,179.81,38.2,3959.9
2022-07-21,256.8,152.29,181.74,71.02,113.4,124.63,18.02,408.91,182.67,38.25,3998.95
2022-07-22,252.45,151.06,167.95,71.36,107.02,122.42,17.29,401.9,179.83,36.92,3961.63
2022-07-25,250.97,149.94,165.35,71.32,106.63,121.14,17.0,391.96,174.72,36.89,3966.84
2022-07-26,244.25,148.62,157.91,70.53,104.16,114.81,16.51,379.26,167.99,36.7,3921.05
2022-07-27,260.58,153.7,168.26,72.29,112.13,120.97,17.76,392.78,177.69,37.85,4023.61
2022-07-28,268.02,154.25,159.47,73.4,113.28,122.28,17.96,403.5,178.67,37.4,4072.43
2022-07-29,272.21,159.31,157.86,74.16,115.37,134.95,18.13,410.12,181.36,34.2,4130.29
2022-08-01,269.57,158.33,158.68,73.78,113.92,135.39,18.41,411.09,180.33,34.81,4118.63
2022-08-02,266.47,156.86,158.94,72.74,114.19,134.16,18.5,409.96,181.13,33.92,4091.19
2022-08-03,273.89,162.86,167.49,73.72,117.11,139.52,18.86,424.54,186.91,34.4,4155.17
2022-08-04,275.04,162.55,169.24,73.74,117.22,142.57,19.18,430.59,188.5,33.93,4151.94
2022-08-05,274.32,162.32,165.81,73.7,116.51,140.8,18.96,433.43,187.42,33.67,4145.19
2022-08-08,271.81,161.85,168.92,72.86,116.34,139.41,17.76,434.34,187.0,33.66,4140.06
2022-08-09,273.73,161.9,167.22,73.14,115.67,137.83,17.06,426.57,179.6,32.84,4122.47
2022-08-10,280.38,166.14,176.95,73.88,118.72,142.69,18.07,438.4,185.88,33.65,4210.24
2022-08-11,278.3,165.4,176.11,73.52,117.87,140.64,17.91,434.89,184.03,33.86,4207.27
2022-08-12,283.04,168.95,179.09,75.41,120.68,143.55,18.68,445.67,187.14,34.36,4280.15
2022-08-15,284.56,170.02,179.48,75.37,121.08,143.18,19.0,451.02,188.3,34.57,4297.14
2022-08-16,283.82,169.86,178.07,75.76,120.7,144.78,18.85,447.56,186.85,34.43,4305.2
2022-08-17,283.07,171.35,173.49,75.51,118.57,142.1,18.31,437.82,185.24,34.04,4274.04
2022-08-18,281.95,170.96,173.3,75.57,119.18,142.3,18.74,439.03,185.21,34.44,4283.74
2022-08-19,278.05,168.38,166.65,74.94,116.25,138.23,17.82,425.06,181.11,33.66,4228.48
2022-08-22,269.89,164.5,161.78,72.85,113.3,133.22,17.01,411.35,174.42,32.2,4137.99
2022-08-23,268.61,164.17,159.86,72.8,112.93,133.62,17.15,410.41,173.45,32.3,4128.73
2022-08-24,267.98,164.46,161.99,72.57,112.76,133.8,17.19,405.65,177.41,32.22,4140.77
2022-08-25,270.95,166.92,167.47,73.26,115.69,137.28,17.88,403.93,171.39,33.2,4199.12
2022-08-26,260.5,160.62,160.52,71.12,109.44,130.75,16.23,381.02,162.84,31.74,4057.66
2022-08-29,257.72,158.42,157.93,70.69,108.52,129.79,15.78,375.26,157.89,31.34,4030.61
2022-08-30,255.52,156.0,155.94,70.64,108.05,128.73,15.44,375.07,157.36,30.69,3986.16
2022-08-31,254.07,154.34,161.66,70.65,107.33,126.77,15.07,373.44,153.86,30.37,3955.0
2022-09-01,253.03,155.07,164.07,71.74,108.84,127.82,13.91,370.53,151.31,30.22,3966.85
2022-09-02,248.81,152.96,159.07,71.15,106.97,127.51,13.63,368.14,151.47,29.7,3924.26
2022-09-06,246.08,151.7,157.31,70.34,105.93,126.11,13.44,368.3,149.52,28.89,3908.19
2022-09-07,250.78,153.1,159.14,70.97,108.55,129.48,13.7,379.72,151.06,29.16,3979.87
2022-09-08,251.2,151.63,160.8,71.12,107.49,129.82,13.97,383.63,154.63,29.26,4006.18
2022-09-09,256.97,154.49,167.83,72.32,109.74,133.27,14.37,394.78,160.24,29.93,4067.36
2022-09-12,259.1,160.44,167.64,73.44,109.95,136.45,14.49,396.36,163.23,30.03,4110.41
2022-09-13,244.86,151.02,151.94,72.45,103.46,126.82,13.11,368.39,155.81,27.87,3932.69
2022-09-14,245.08,152.47,150.29,68.71,104.14,128.55,13.11,371.52,157.96,27.76,3946.01
2022-09-15,238.43,149.58,148.39,66.92,102.07,126.28,12.91,309.13,152.54,27.44,3901.35
2022-09-16,237.81,147.94,145.15,65.58,101.96,123.53,13.18,299.5,149.32,27.82,3873.33
2022-09-19,237.6,151.65,146.87,65.81,102.23,124.66,13.36,296.06,150.62,28.01,3899.89
2022-09-20,235.59,154.03,144.95,64.89,100.31,122.19,13.16,291.06,147.63,27.55,3855.93
2022-09-21,232.18,150.9,141.01,63.6,98.47,118.54,13.24,286.3,145.49,27.09,3789.93
2022-09-22,234.16,149.94,141.71,62.91,99.32,117.31,12.54,287.06,147.98,26.71,3757.99
2022-09-23,231.18,147.67,139.32,61.5,97.93,113.78,12.5,284.56,144.88,26.18,3693.23
2022-09-26,230.73,148.01,135.31,60.45,97.37,115.15,12.21,276.96,144.2,25.66,3655.04
2022-09-27,229.72,148.98,133.35,59.47,96.7,114.41,12.4,277.57,146.74,25.58,3647.29
2022-09-28,234.24,147.1,140.51,60.09,99.23,118.01,12.72,281.4,148.0,25.81,3719.04
2022-09-29,230.78,139.87,135.35,58.5,96.62,114.8,12.2,278.25,144.69,25.1,3640.47
2022-09-30,226.31,135.67,134.62,58.19,94.87,113.0,12.12,275.2,141.76,24.52,3585.62
2022-10-03,233.92,139.84,137.53,60.1,97.83,115.88,12.5,285.24,145.76,25.66,3678.43
2022-10-04,241.83,143.42,139.19,62.59,100.81,121.09,13.15,294.97,153.48,26.35,3790.93
2022-10-05,242.14,143.72,137.9,63.49,100.6,120.95,13.19,297.38,153.97,26.3,3783.28
2022-10-06,239.8,142.77,137.99,62.22,100.59,120.3,13.11,298.41,153.21,25.86,3744.52
2022-10-07,227.61,137.52,132.41,60.3,97.87,114.56,12.06,288.77,148.12,24.47,3639.66
2022-10-10,222.76,137.85,132.75,59.61,97.06,113.67,11.65,285.72,143.53,23.98,3612.39
2022-10-11,219.03,136.43,127.54,59.77,96.38,112.21,11.57,284.83,140.51,23.82,3588.84
2022-10-12,219.36,135.81,126.51,61.08,96.76,112.9,11.48,286.15,140.23,24.1,3577.03
2022-10-13,227.61,140.37,129.28,62.44,98.25,112.53,11.94,294.74,143.34,25.14,3669.91
2022-10-14,222.09,135.85,125.77,61.59,95.77,106.9,11.21,287.94,140.16,24.65,3583.07
2022-10-17,230.8,139.8,133.0,64.18,99.15,113.79,11.87,293.5,145.05,25.14,3677.95
2022-10-18,231.75,141.12,131.77,64.19,99.94,116.36,11.95,292.98,151.31,24.61,3719.98
2022-10-19,229.78,141.22,132.19,63.49,98.81,115.07,12.04,299.83,151.45,24.74,3695.16
2022-10-20,229.46,140.76,130.51,66.32,99.15,115.25,12.18,302.38,155.22,24.81,3665.78
2022-10-21,235.26,144.57,129.0,69.62,100.3,119.32,12.45,306.37,157.85,25.66,3752.75
2022-10-24,240.25,146.71,128.71,69.83,101.68,119.82,12.58,316.22,158.33,25.86,3797.34
2022-10-25,243.56,149.55,136.44,70.04,103.62,120.6,13.24,323.79,162.88,26.08,3859.11
2022-10-26,224.77,146.61,128.81,71.65,94.15,115.66,12.88,320.48,157.6,25.89,3830.6
2022-10-27,220.33,142.15,97.18,71.97,91.46,110.96,13.16,318.65,157.44,24.99,3807.3
2022-10-28,229.19,152.89,98.43,74.09,95.5,103.41,13.82,325.68,160.66,27.66,3901.06
2022-10-31,225.56,150.53,92.43,74.77,93.74,102.44,13.48,318.5,160.24,27.05,3871.98
2022-11-01,221.71,147.89,94.46,73.85,89.73,96.79,13.53,316.02,157.51,26.93,3856.1
2022-11-02,213.87,142.37,89.84,71.94,86.26,92.12,13.2,301.22,147.84,26.09,3759.69
2022-11-03,208.18,136.34,88.22,71.85,82.75,89.3,13.4,285.93,144.21,26.06,3719.89
2022-11-04,215.12,136.07,90.08,72.78,85.87,90.98,14.14,285.75,137.75,27.19,3770.55
2022-11-07,221.42,136.6,95.97,73.49,87.76,90.53,14.28,299.54,142.5,27.4,3806.8
2022-11-08,222.39,137.17,95.72,72.44,88.17,89.98,14.58,302.17,144.97,27.46,3828.11
2022-11-09,218.15,132.62,100.68,72.46,86.6,86.14,13.76,298.87,140.0,26.54,3748.57
2022-11-10,236.1,144.42,111.0,73.9,93.17,96.63,15.73,329.95,154.04,28.7,3956.37
2022-11-11,240.11,147.2,112.14,74.45,95.62,100.79,16.31,341.15,155.45,29.34,3992.93
2022-11-14,234.71,145.81,113.33,75.21,94.92,98.49,16.27,340.37,156.36,29.27,3957.25
2022-11-15,235.12,147.54,116.17,75.83,97.63,98.94,16.64,345.96,159.72,29.61,3991.73
2022-11-16,235.55,146.31,112.35,76.51,98.04,97.12,15.89,338.41,152.88,28.48,3958.79
2022-11-17,235.5,148.2,110.58,75.85,97.55,94.85,15.66,337.83,147.52,28.82,3946.56
2022-11-18,235.05,148.77,111.18,76.35,96.63,94.14,15.39,330.86,145.9,28.8,3965.34
2022-11-21,235.86,145.54,109.0,76.44,94.82,92.46,15.3,321.49,142.75,27.91,3949.94
2022-11-22,238.76,147.67,110.57,78.64,96.25,93.2,16.02,330.88,147.09,28.75,4003.58
2022-11-23,241.25,148.55,111.37,79.06,97.65,94.13,16.5,335.78,150.04,28.61,4027.26
2022-11-25,241.16,145.64,110.54,79.22,96.66,93.41,16.25,334.3,151.13,28.29,4026.12
2022-11-28,235.58,141.81,107.93,77.94,95.26,93.95,15.81,328.97,151.47,27.7,3963.94
2022-11-29,234.18,138.81,108.61,77.43,94.41,92.42,15.62,326.78,149.49,27.87,3957.63
2022-11-30,248.61,145.56,117.18,79.52,100.16,96.54,16.91,344.93,157.93,29.0,4080.11
2022-12-01,248.18,145.83,119.5,80.55,100.16,95.5,17.12,344.11,144.87,28.76,4076.57
2022-12-02,248.5,145.34,122.53,79.82,99.62,94.13,16.86,341.53,142.47,28.36,4071.7
2022-12-05,243.8,144.18,121.48,76.07,98.66,91.01,16.59,334.09,131.99,28.13,3998.84
2022-12-06,238.85,140.52,113.23,75.57,96.19,88.25,15.97,331.15,131.34,27.58,3941.26
2022-12-07,238.12,138.59,113.04,75.44,94.16,88.46,16.1,326.68,128.59,27.32,3933.92
2022-12-08,241.07,140.27,114.43,76.68,92.94,90.35,17.15,332.58,128.25,27.42,3963.51
2022-12-09,239.14,139.79,115.0,76.48,92.07,89.09,16.98,330.64,129.21,27.23,3934.38
2022-12-12,246.05,142.08,113.82,77.84,92.55,90.55,17.52,338.17,131.18,27.67,3990.56
2022-12-13,250.35,143.04,119.21,77.15,94.85,92.49,18.05,342.46,133.66,27.7,4019.65
2022-12-14,250.64,140.82,120.64,78.36,94.29,91.58,17.66,339.92,132.8,27.25,3995.32
2022-12-15,242.64,134.22,115.25,76.68,90.12,88.45,16.93,328.71,128.55,26.18,3895.75
2022-12-16,238.43,132.27,118.5,76.21,89.52,87.86,16.55,338.54,126.41,25.96,3852.36
2022-12-19,234.3,130.16,113.59,77.09,87.72,84.92,16.24,328.76,127.14,25.83,3817.66
2022-12-20,235.62,130.09,116.18,77.51,88.29,85.19,16.07,338.22,126.59,25.5,3821.62
2022-12-21,238.18,133.19,118.83,78.05,88.85,86.77,16.48,341.38,128.41,25.87,3878.44
2022-12-22,232.1,130.02,116.21,77.08,87.04,83.79,15.32,336.52,127.32,25.04,3822.39
2022-12-23,232.62,129.66,117.12,77.43,88.5,85.25,15.19,338.45,127.57,25.16,3844.82
2022-12-27,230.9,127.86,115.97,77.55,86.67,83.04,14.11,335.09,128.77,25.01,3829.25
2022-12-28,228.53,123.94,114.72,76.93,85.31,81.82,14.02,328.33,126.61,24.63,3783.22
2022-12-29,234.85,127.45,119.32,77.95,87.72,84.18,14.59,337.58,130.62,25.27,3849.28
2022-12-30,233.69,127.76,119.4,78.28,87.51,84.0,14.6,336.53,130.67,25.49,3839.5
2023-01-03,233.45,122.98,123.77,80.18,88.39,85.82,14.3,336.92,132.83,25.78,3824.14
2023-01-04,223.24,124.25,126.38,80.9,87.36,85.14,14.73,341.41,137.57,26.69,3852.97
2023-01-05,216.62,122.93,125.95,80.74,85.49,83.12,14.25,328.44,134.37,26.58,3808.1
2023-01-06,219.18,127.46,129.01,82.03,86.62,86.08,14.84,332.75,138.48,27.7,3895.08
2023-01-09,221.31,127.98,128.46,83.07,87.3,87.36,15.61,341.98,144.97,28.26,3892.09
2023-01-10,223.0,128.55,131.95,83.15,87.7,89.87,15.89,338.7,145.31,28.39,3919.25
2023-01-11,229.74,131.26,131.86,85.17,90.77,95.09,15.98,342.93,142.8,28.78,3969.61
2023-01-12,232.41,131.18,135.65,85.34,90.38,95.27,16.49,344.54,147.44,29.21,3983.17
2023-01-13,233.11,132.51,135.91,85.74,91.36,98.12,16.88,344.38,147.35,29.03,3999.09
2023-01-17,234.2,133.67,134.31,85.17,90.54,96.05,17.68,344.38,146.32,28.54,3990.97
2023-01-18,229.78,132.95,131.98,83.35,90.37,95.46,17.36,341.31,143.35,27.78,3928.86
2023-01-19,226.0,133.01,135.09,82.61,92.29,93.68,16.75,342.53,144.29,27.4,3898.85
2023-01-20,234.08,135.57,138.28,83.87,97.22,97.25,17.82,356.38,149.06,28.18,3972.61
2023-01-23,236.38,138.76,142.15,85.52,98.97,97.52,19.17,364.98,153.61,29.19,4019.81
2023-01-24,235.85,140.15,142.03,86.22,96.9,96.32,19.24,361.32,152.62,28.85,4016.95
2023-01-25,234.46,139.49,140.4,86.17,94.44,97.18,19.3,358.17,153.91,28.64,4016.22
2023-01-26,241.66,141.56,146.15,86.35,96.72,99.22,19.78,365.82,162.7,29.02,4060.43
2023-01-27,241.81,143.49,150.56,85.54,98.56,102.24,20.34,370.71,162.14,27.15,4070.56
2023-01-30,236.5,140.61,145.91,83.97,96.15,100.55,19.14,363.42,162.37,26.95,4017.77
2023-01-31,241.47,141.88,147.81,85.03,98.03,103.13,19.52,370.34,165.54,27.25,4076.6
2023-02-01,246.29,143.0,151.93,86.56,99.61,105.15,20.92,383.92,169.33,28.03,4119.21
2023-02-02,257.83,148.3,187.3,85.92,106.86,112.91,21.69,392.23,172.11,29.11,4179.76
2023-02-03,251.74,151.92,185.08,86.15,103.92,103.39,21.08,379.33,168.57,29.24,4136.48
2023-02-06,250.2,149.2,184.61,85.1,102.06,102.18,21.07,375.23,166.6,28.0,4111.08
2023-02-07,260.72,152.07,190.13,84.34,106.76,102.11,22.15,383.82,168.8,28.35,4164.0
2023-02-08,259.91,149.38,182.0,83.33,98.56,100.05,22.18,378.36,167.18,27.56,4117.86
2023-02-09,256.88,148.35,176.53,83.29,94.23,98.24,22.31,375.81,171.15,27.07,4081.5
2023-02-10,256.37,148.72,172.79,83.76,93.79,97.61,21.24,370.99,164.61,27.13,4090.46
2023-02-13,264.38,151.51,178.03,85.96,93.83,99.54,21.77,375.0,168.6,27.87,4137.29
2023-02-14,265.21,150.87,178.08,85.64,93.9,99.7,22.95,377.9,167.5,27.95,4136.13
2023-02-15,263.09,152.97,175.78,84.92,96.15,101.16,22.74,375.94,168.62,28.16,4147.6
2023-02-16,256.09,151.38,171.1,84.32,94.73,98.15,21.98,365.16,165.68,27.52,4090.41
2023-02-17,252.09,150.23,171.53,83.9,93.58,97.2,21.37,356.85,162.78,26.95,4079.09
2023-02-21,246.82,146.22,170.74,82.86,91.04,94.58,20.63,346.7,159.28,25.44,3997.34
2023-02-22,245.69,146.65,169.79,82.98,90.9,95.79,20.73,348.72,161.0,24.86,3991.05
2023-02-23,248.88,147.13,170.7,85.15,90.14,95.82,23.64,347.02,161.75,25.0,4012.32
2023-02-24,243.45,144.48,169.06,85.23,88.4,93.5,23.26,320.54,159.85,24.54,3970.04
2023-02-27,244.37,145.67,168.22,84.55,89.13,93.76,23.48,322.32,160.78,24.3,3982.24
2023-02-28,243.65,145.17,173.58,84.01,89.32,94.23,23.19,323.95,161.24,24.33,3970.15
2023-03-01,240.57,143.1,172.07,82.99,89.62,92.17,22.67,323.38,164.93,24.72,3951.39
2023-03-02,245.3,143.69,173.17,83.6,91.25,92.13,23.29,333.5,183.89,25.57,3981.35
2023-03-03,249.38,148.74,183.81,85.79,92.88,94.9,23.86,344.04,183.73,25.77,4045.64
2023-03-06,250.93,151.49,183.46,86.26,94.35,93.75,23.53,347.02,181.14,25.37,4048.42
2023-03-07,248.27,149.3,183.07,84.94,93.09,93.55,23.27,344.8,180.67,24.92,3986.37
2023-03-08,247.83,150.55,183.53,85.06,93.48,93.92,24.16,345.84,180.3,25.36,3992.01
2023-03-09,246.48,148.3,180.28,83.5,91.56,92.25,23.42,338.37,176.13,25.81,3918.32
2023-03-10,242.84,146.24,178.11,80.81,89.89,90.73,22.94,329.3,170.67,26.57,3861.59
2023-03-13,248.05,148.18,179.49,81.64,90.36,92.43,22.95,324.27,172.97,26.3,3855.76
2023-03-14,254.76,150.27,192.51,81.28,93.2,94.88,24.04,333.33,180.24,27.34,3919.29
2023-03-15,259.3,150.67,196.21,79.77,95.32,96.2,24.21,333.61,180.26,27.73,3891.93
2023-03-16,269.81,153.48,203.33,81.53,99.5,100.04,25.52,353.29,184.59,29.46,3960.28
2023-03-17,272.97,152.65,194.09,81.96,100.79,98.95,25.7,358.14,182.18,29.1,3916.64
2023-03-20,265.93,155.01,196.27,83.59,100.39,97.71,25.88,362.88,182.57,28.46,3951.57
2023-03-21,267.45,156.86,200.59,84.19,104.06,100.61,26.18,374.22,185.95,27.78,4002.87
2023-03-22,265.99,155.43,198.25,84.49,102.52,98.7,26.44,361.71,183.81,27.46,3936.97
2023-03-23,271.24,156.52,202.69,84.38,104.73,98.71,27.17,369.0,184.73,28.33,3948.72
2023-03-24,274.08,157.82,204.41,84.6,104.58,98.13,26.76,374.96,187.31,28.66,3970.99
2023-03-27,269.99,155.88,201.26,86.65,101.62,98.04,26.51,373.15,188.49,28.48,3977.53
2023-03-28,268.86,155.26,199.12,86.37,100.2,97.24,26.39,373.4,189.52,28.59,3971.27
2023-03-29,274.02,158.33,203.75,87.11,100.56,100.25,26.96,379.16,193.79,30.76,4027.81
2023-03-30,277.48,159.89,206.22,87.0,100.06,102.0,27.36,381.9,193.76,31.32,4050.83
2023-03-31,281.63,162.4,210.29,89.32,102.88,103.29,27.75,385.37,196.89,31.89,4109.31
2023-04-03,280.59,163.65,211.41,90.28,103.5,102.41,27.94,380.08,193.65,32.1,4124.51
2023-04-04,280.54,163.11,213.05,90.36,103.86,103.95,27.43,385.15,194.35,32.31,4100.6
2023-04-05,277.76,161.27,209.83,91.21,103.61,101.1,26.86,382.02,192.48,32.04,4090.38
2023-04-06,284.85,162.16,214.42,92.2,107.53,102.06,27.01,380.6,189.76,32.02,4105.02
2023-04-10,282.7,159.57,213.08,90.5,105.57,102.17,27.55,376.25,188.72,31.74,4109.11
2023-04-11,276.29,158.36,212.18,90.71,104.49,99.92,27.14,371.11,186.16,31.57,4108.94
2023-04-12,276.93,157.67,212.33,90.64,103.78,97.83,26.47,369.89,187.57,31.25,4091.95
2023-04-13,283.13,163.05,218.63,92.23,106.55,102.4,26.44,378.8,191.21,31.36,4146.22
2023-04-14,279.52,162.7,219.77,92.39,107.98,102.51,26.73,379.38,191.83,31.13,4137.64
2023-04-17,282.12,162.72,217.16,92.27,105.1,102.74,26.98,377.92,194.23,31.37,4151.32
2023-04-18,281.7,163.94,216.19,93.12,103.64,102.3,27.64,377.55,195.63,31.07,4154.87
2023-04-19,281.78,165.08,214.02,92.48,103.33,104.3,27.91,380.11,196.04,30.4,4154.52
2023-04-20,279.49,164.12,211.41,91.54,104.43,103.81,27.08,380.26,194.65,30.12,4129.79
2023-04-21,279.15,162.51,211.23,91.85,104.55,106.96,27.1,377.67,196.15,29.57,4133.52
2023-04-24,275.25,162.82,211.13,92.13,105.1,106.21,27.02,377.34,192.1,28.95,4137.04
2023-04-25,269.05,161.28,205.93,90.79,103.0,102.57,26.22,369.59,187.91,28.19,4071.63
2023-04-26,288.54,161.27,207.77,90.46,102.86,104.98,26.93,363.06,188.75,28.35,4055.99
2023-04-27,297.78,165.85,236.7,91.74,106.71,109.82,27.2,371.42,193.1,29.14,4135.35
2023-04-28,300.15,167.1,238.45,91.43,106.46,105.45,27.72,377.56,195.5,30.32,4169.48
2023-05-01,298.49,167.01,241.29,91.58,106.32,102.05,28.88,374.15,194.93,29.57,4167.87
2023-05-02,298.34,165.98,237.38,91.51,104.46,103.63,28.19,368.66,191.04,29.06,4119.58
2023-05-03,297.36,164.91,235.18,91.49,104.55,103.65,27.78,345.25,189.82,29.92,4090.75
2023-05-04,298.34,163.27,231.7,91.67,103.83,104.0,27.54,335.83,189.6,30.62,4061.22
2023-05-05,303.46,170.93,230.97,93.6,104.7,105.66,28.65,348.4,194.73,30.37,4136.25
2023-05-08,301.51,170.86,231.45,93.43,106.89,105.83,29.13,344.06,195.04,30.16,4138.12
2023-05-09,299.9,169.16,231.55,92.8,106.47,106.62,28.55,342.65,198.27,29.5,4119.17
2023-05-10,305.08,170.92,231.27,94.13,110.83,110.19,28.86,344.02,201.89,29.37,4137.64
2023-05-11,302.94,171.11,233.95,94.06,115.61,112.18,28.55,341.58,200.53,28.28,4130.62
2023-05-12,301.82,170.18,231.99,94.45,116.55,110.26,28.31,335.45,198.89,28.37,4124.08
2023-05-15,302.3,169.69,237.0,93.88,115.55,111.2,28.93,345.67,200.39,29.2,4136.28
2023-05-16,304.53,169.69,236.96,94.84,118.53,113.4,29.19,345.11,201.6,28.64,4109.9
2023-05-17,307.41,170.3,240.6,96.31,119.85,115.5,30.15,356.63,206.35,28.29,4158.77
2023-05-18,311.83,172.63,244.93,98.79,121.82,118.15,31.65,360.43,210.23,29.09,4198.05
2023-05-19,311.66,172.74,243.73,99.27,121.75,116.25,31.24,371.25,207.32,29.33,4191.98
2023-05-22,314.44,171.79,246.39,98.24,124.02,115.01,31.15,372.05,207.22,29.68,4192.63
2023-05-23,308.64,169.19,244.82,95.12,121.56,114.99,30.66,370.42,203.65,28.92,4145.58
2023-05-24,307.26,169.46,247.27,94.91,119.91,116.75,30.51,365.76,206.04,28.42,4115.24
2023-05-25,319.08,170.6,250.72,100.67,122.47,115.0,37.95,392.06,206.87,26.85,4151.28
2023-05-26,325.9,173.0,260.0,100.47,123.59,120.11,38.91,415.39,212.32,28.42,4205.45
2023-05-30,324.26,174.85,260.48,101.5,122.66,121.66,40.08,417.21,215.7,29.39,4205.52
2023-05-31,321.49,174.8,262.66,102.26,121.86,120.58,37.8,417.79,220.15,30.81,4179.83
2023-06-01,325.6,177.6,270.49,102.31,122.71,122.77,39.73,426.75,209.82,30.51,4221.02
2023-06-02,328.36,178.45,270.49,102.21,123.65,124.25,39.29,436.37,209.95,30.68,4282.37
2023-06-05,328.89,177.1,269.28,103.22,124.98,125.3,39.14,434.18,206.82,29.26,4273.79
2023-06-06,326.67,176.73,269.01,103.38,126.27,126.61,38.62,432.89,209.77,30.34,4283.85
2023-06-07,316.59,175.36,261.55,101.6,121.5,121.23,37.45,418.32,202.75,30.66,4267.52
2023-06-08,318.43,178.07,262.52,103.75,121.14,124.25,38.48,439.03,206.5,31.18,4293.93
2023-06-09,319.93,178.46,262.89,106.04,121.23,123.43,38.74,454.0,212.19,30.71,4298.86
2023-06-12,324.88,181.25,268.94,112.39,122.63,126.57,39.45,474.63,210.6,32.41,4338.93
2023-06-13,327.27,180.78,269.21,112.63,122.81,126.66,40.99,478.99,205.96,33.23,4369.01
2023-06-14,330.26,181.41,271.22,118.03,122.66,126.42,42.96,479.53,206.37,34.87,4372.59
2023-06-15,340.79,183.44,279.64,122.16,124.06,127.11,42.62,490.91,208.85,35.1,4425.84
2023-06-16,335.14,182.36,278.81,121.1,122.52,125.49,42.66,495.18,208.7,35.64,4409.59
2023-06-20,330.95,182.45,282.12,117.8,122.09,125.78,43.77,485.86,213.83,34.3,4388.71
2023-06-21,326.56,181.42,279.45,117.86,119.56,124.83,43.01,477.48,206.56,32.24,4365.69
2023-06-22,332.58,184.41,282.66,116.39,122.14,130.15,42.99,477.58,210.2,32.06,4381.89
2023-06-23,327.99,184.1,286.48,114.52,121.34,129.33,42.18,484.72,207.05,32.34,4348.33
2023-06-26,321.7,182.71,276.3,112.73,117.37,127.33,40.6,479.51,204.36,32.67,4328.82
2023-06-27,327.54,185.46,284.81,113.75,117.36,129.18,41.84,489.27,205.8,33.42,4378.41
2023-06-28,328.8,186.63,283.07,112.48,119.19,129.04,41.08,482.43,209.1,32.9,4376.86
2023-06-29,328.01,186.97,279.34,113.69,118.12,127.9,40.79,483.77,207.39,32.25,4396.44
2023-06-30,333.39,191.29,284.75,114.96,118.72,130.36,42.27,488.99,208.2,32.77,4450.38
2023-07-03,330.89,189.8,283.79,113.08,118.92,130.22,42.38,485.21,208.59,32.95,4455.59
2023-07-05,331.05,188.68,292.08,111.93,120.75,130.38,42.28,487.26,210.73,31.86,4446.82
2023-07-06,334.1,189.16,289.72,111.44,119.13,128.36,42.07,481.29,207.1,31.33,4411.59
2023-07-07,330.14,188.04,288.27,110.63,118.5,129.78,42.47,485.27,206.56,31.21,4398.95
2023-07-10,324.86,186.0,291.81,110.41,115.5,127.13,42.15,496.35,209.73,32.09,4409.53
2023-07-11,325.49,185.48,295.97,111.28,116.18,128.78,42.37,504.74,217.97,32.63,4439.26
2023-07-12,330.12,187.15,306.93,112.39,117.96,130.8,43.87,507.36,223.99,33.3,4472.16
2023-07-13,335.46,187.91,310.97,113.77,123.52,134.3,45.94,517.28,227.04,33.19,4510.04
2023-07-14,337.99,188.05,306.47,115.53,124.39,134.68,45.43,514.83,226.01,32.49,4505.42
2023-07-17,338.47,191.31,308.2,115.17,123.63,133.56,46.42,522.0,224.7,33.68,4522.79
2023-07-18,351.94,191.05,309.62,116.99,122.75,132.83,47.46,532.23,224.34,33.81,4554.98
2023-07-19,347.62,192.4,313.55,114.97,121.03,135.36,47.04,527.17,230.98,33.77,4565.72
2023-07-20,339.59,190.46,300.16,112.25,118.22,129.96,45.48,516.88,224.86,32.7,4534.87
2023-07-21,336.55,189.29,291.97,113.96,119.04,130.0,44.27,520.23,224.76,33.34,4536.34
2023-07-24,337.86,190.09,289.34,114.37,120.53,128.8,44.58,523.86,222.39,32.96,4554.64
2023-07-25,343.61,190.94,292.18,114.25,121.21,129.13,45.64,525.34,222.76,33.42,4567.46
2023-07-26,330.68,191.81,296.25,111.88,128.21,128.15,45.42,514.55,222.32,33.67,4566.75
2023-07-27,323.78,190.55,309.28,112.75,128.34,128.25,45.86,513.97,221.89,33.86,4537.41
2023-07-28,331.26,193.12,322.95,112.36,131.49,132.21,46.71,528.87,222.34,36.09,4582.23
2023-07-31,328.87,193.73,316.12,113.56,131.63,133.68,46.69,546.17,221.75,35.06,4588.96
2023-08-01,329.28,192.91,320.2,114.22,130.47,131.69,46.47,549.1,221.02,35.08,4576.73
2023-08-02,320.62,189.92,311.86,112.08,127.33,128.21,44.23,530.3,217.31,33.7,4513.39
2023-08-03,319.8,188.53,310.75,110.96,127.4,128.91,44.48,523.76,212.44,34.17,4501.89
2023-08-04,320.9,179.47,308.31,110.85,127.06,139.57,44.65,526.88,211.49,34.56,4478.03
2023-08-07,323.18,176.38,314.1,112.46,130.45,142.22,45.38,529.73,212.93,34.65,4518.44
2023-08-08,319.2,177.31,310.21,111.62,130.32,139.94,44.63,520.6,208.52,34.44,4499.38
2023-08-09,315.46,175.73,302.83,109.56,128.6,137.85,42.52,513.78,202.88,33.72,4467.71
2023-08-10,316.15,175.51,303.36,109.45,128.63,138.56,42.35,515.83,205.24,34.11,4468.83
2023-08-11,314.27,175.57,299.29,109.52,128.5,138.41,40.82,508.45,205.68,34.32,4464.05
2023-08-14,317.24,177.22,303.81,111.95,130.25,140.57,43.72,522.25,208.99,35.09,4489.72
2023-08-15,315.1,175.23,299.6,113.62,128.72,137.67,43.91,518.7,205.76,34.2,4437.86
2023-08-16,314.34,174.36,292.0,111.73,127.65,135.07,43.45,514.49,204.0,32.98,4404.33
2023-08-17,310.88,171.83,282.87,111.28,128.85,133.98,43.31,511.67,200.89,32.04,4370.36
2023-08-18,310.49,172.31,281.04,112.81,126.42,133.22,43.27,508.13,201.87,32.21,4369.71
2023-08-21,315.79,173.64,287.64,112.94,127.32,134.68,46.93,520.47,206.01,32.59,4399.77
2023-08-22,316.36,175.02,285.36,112.89,128.02,134.25,45.63,519.48,203.77,32.35,4387.55
2023-08-23,320.81,178.86,291.95,114.15,131.28,135.52,47.08,530.71,206.1,33.42,4436.01
2023-08-24,313.91,174.18,284.52,109.37,128.72,131.84,47.13,512.43,202.54,32.05,4376.31
2023-08-25,316.87,176.38,283.28,112.42,128.82,133.26,45.98,525.06,206.44,32.7,4405.71
2023-08-28,317.57,177.94,288.0,113.18,129.94,133.14,46.8,529.92,208.66,33.07,4433.31
2023-08-29,322.19,181.82,295.67,116.87,133.47,134.91,48.75,540.57,208.89,33.75,4497.63
2023-08-30,322.57,185.31,292.8,117.33,134.77,135.07,49.23,545.36,211.93,33.96,4514.87
2023-08-31,321.56,185.52,293.59,116.62,135.05,138.01,49.32,559.34,218.26,34.56,4507.66
2023-09-01,322.44,187.09,294.07,117.14,134.55,138.12,48.47,563.21,218.32,36.01,4515.77
2023-09-05,327.24,187.33,297.81,120.1,134.66,137.27,48.51,564.88,215.53,36.11,4496.83
2023-09-06,326.58,180.62,296.84,120.43,133.36,135.36,47.03,561.94,218.41,36.37,4465.48
2023-09-07,323.67,175.34,296.34,121.17,134.15,137.85,46.21,560.46,219.31,37.55,4451.14
2023-09-08,327.94,175.95,295.57,122.36,135.26,138.23,45.54,560.36,221.51,37.38,4457.49
2023-09-11,331.54,177.12,305.17,122.74,135.8,143.1,45.15,564.5,222.05,37.96,4487.46
2023-09-12,325.49,174.1,299.31,106.18,134.23,141.23,44.84,542.21,218.45,38.22,4461.9
2023-09-13,329.7,172.03,302.68,108.34,135.59,144.85,45.45,553.56,215.63,38.07,4467.44
2023-09-14,332.29,173.54,309.29,110.1,136.97,144.72,45.55,552.16,215.61,38.03,4505.1
2023-09-15,323.97,172.82,297.97,110.34,136.27,140.39,43.87,528.89,211.5,37.26,4450.32
2023-09-18,322.83,175.75,300.19,108.69,137.08,139.98,43.94,532.42,211.89,37.37,4453.53
2023-09-19,322.43,176.83,302.69,109.24,136.91,137.63,43.49,541.69,212.58,35.74,4443.95
2023-09-20,314.7,173.3,297.34,109.33,132.64,135.29,42.21,535.78,209.95,34.12,4402.2
2023-09-21,313.48,171.76,293.43,106.0,129.37,129.33,40.99,513.88,205.59,34.08,4330.0
2023-09-22,311.01,172.61,296.75,105.61,129.18,129.12,41.58,512.9,203.44,33.62,4320.06
2023-09-25,311.53,173.88,298.49,104.91,130.04,131.27,42.19,511.6,203.35,33.73,4337.44
2023-09-26,306.23,169.81,296.63,101.59,127.52,125.98,41.88,506.3,199.56,33.27,4273.53
2023-09-27,306.87,168.3,295.42,101.34,129.47,125.98,42.44,502.6,199.8,34.04,4274.51
2023-09-28,307.7,168.56,301.59,102.82,131.23,125.98,43.06,504.67,200.26,34.6,4299.7
2023-09-29,309.77,169.07,297.87,102.6,129.79,127.12,43.47,509.9,199.85,34.97,4288.05
2023-10-02,315.71,171.58,304.43,103.37,133.07,129.46,44.75,521.13,200.76,34.88,4288.39
2023-10-03,307.46,170.25,298.6,101.25,131.34,124.72,43.49,507.03,196.94,35.1,4229.45
2023-10-04,312.92,171.49,303.2,103.73,134.13,127.0,44.01,518.42,198.95,35.34,4263.75
2023-10-05,313.32,172.72,302.42,104.96,133.96,125.96,44.66,516.44,199.09,35.3,4258.19
2023-10-06,321.07,175.27,312.97,106.51,136.45,127.96,45.73,526.68,204.36,35.59,4308.5
2023-10-09,323.58,176.75,315.88,106.86,137.29,128.26,45.24,529.29,204.22,35.47,4335.66
2023-10-10,322.17,176.16,319.33,106.27,136.93,129.48,45.77,532.72,203.89,35.83,4358.24
2023-10-11,326.13,177.55,325.27,106.59,139.4,131.83,46.77,549.91,203.86,36.27,4376.95
2023-10-12,324.89,178.45,321.64,106.08,137.83,132.33,46.91,559.63,202.7,36.23,4349.61
2023-10-13,321.53,176.62,312.24,105.24,136.23,129.79,45.43,548.76,201.63,35.38,4327.78
2023-10-16,326.34,176.49,318.65,105.69,137.96,132.55,46.06,550.74,205.51,35.96,4373.63
2023-10-17,325.78,174.94,321.48,106.01,138.57,131.47,43.91,560.09,206.8,35.47,4373.2
2023-10-18,323.86,173.64,314.5,105.24,136.83,128.13,42.17,557.87,201.87,35.05,4314.6
2023-10-19,325.05,173.27,310.37,105.33,136.62,128.4,42.07,555.74,205.31,35.08,4278.0
2023-10-20,320.49,170.72,306.25,99.02,134.49,125.17,41.36,540.96,200.78,34.35,4224.16
2023-10-23,323.09,170.84,311.57,100.78,135.38,126.56,42.94,540.41,199.08,33.29,4217.04
2023-10-24,324.27,171.27,310.12,100.33,137.67,128.56,43.63,539.56,201.27,34.02,4247.68
2023-10-25,334.22,168.96,297.2,98.61,124.58,121.39,41.75,521.14,194.21,32.29,4186.77
2023-10-26,321.68,164.8,286.1,97.61,121.28,119.57,40.3,514.28,193.41,31.99,4137.23
2023-10-27,323.57,166.12,294.42,98.18,121.17,127.74,40.47,508.12,193.73,34.96,4117.37
2023-10-30,330.93,168.16,300.3,98.83,123.44,132.71,41.13,526.94,196.39,35.1,4166.82
2023-10-31,331.71,168.64,298.92,100.53,123.06,133.09,40.75,532.06,197.92,35.9,4193.8
2023-11-01,339.52,171.8,309.42,102.81,125.41,137.0,42.3,544.5,200.96,36.68,4237.86
2023-11-02,341.73,175.35,308.45,103.9,126.44,138.07,43.48,558.71,205.1,37.08,4317.78
2023-11-03,346.12,174.44,312.15,105.05,128.04,138.6,44.97,563.66,204.47,37.51,4358.34
2023-11-06,349.78,176.99,313.34,106.08,129.18,139.74,45.72,565.45,204.42,37.45,4365.98
2023-11-07,353.71,179.55,316.34,105.96,129.9,142.71,45.92,585.2,208.77,38.26,4378.38
2023-11-08,356.33,180.61,317.29,109.21,130.76,142.08,46.54,585.31,208.41,37.42,4382.78
2023-11-09,353.86,180.13,318.05,109.06,129.17,140.6,46.92,577.74,206.97,37.3,4347.35
2023-11-10,362.67,184.31,326.21,109.93,131.5,143.56,48.3,597.22,210.54,38.35,4415.24
2023-11-13,359.74,182.73,326.63,110.98,131.01,142.59,48.59,590.34,212.17,37.72,4411.55
2023-11-14,363.26,185.34,333.69,112.87,132.52,145.8,49.62,604.33,217.98,38.89,4495.7
2023-11-15,363.41,185.91,330.12,110.89,133.52,143.2,48.85,595.31,216.25,40.07,4502.88
2023-11-16,369.8,187.59,331.59,111.48,135.81,142.83,49.45,602.06,218.25,42.78,4508.24
2023-11-17,363.59,187.57,332.43,112.15,134.2,145.18,49.26,602.66,218.02,43.23,4514.02
2023-11-20,371.05,189.31,337.32,113.67,135.13,146.13,50.37,612.7,221.87,44.15,4547.38
2023-11-21,366.75,188.51,334.36,112.85,135.85,143.9,49.91,610.99,221.07,43.06,4538.19
2023-11-22,371.45,189.17,338.83,113.01,137.35,146.71,48.68,619.72,220.6,43.09,4556.62
2023-11-24,371.04,187.84,335.6,113.02,135.57,146.74,47.74,619.43,221.13,43.38,4559.34
2023-11-27,372.2,187.67,332.09,113.23,135.29,147.73,48.21,619.27,221.54,43.5,4550.43
2023-11-28,376.22,188.27,336.35,113.01,136.08,147.03,47.79,623.32,221.67,43.65,4554.89
2023-11-29,372.43,187.25,329.61,112.98,133.88,146.32,48.11,617.39,227.02,44.35,4550.58
2023-11-30,372.49,187.82,324.6,112.98,131.44,146.09,46.74,611.01,248.26,44.11,4567.8
2023-12-01,368.17,189.1,322.29,113.9,130.78,147.03,46.73,612.47,256.24,43.16,4594.63
2023-12-04,362.89,187.31,317.53,112.56,128.21,144.84,45.48,604.56,247.03,41.79,4569.78
2023-12-05,366.21,191.26,315.81,111.35,129.92,146.88,46.54,602.22,247.39,41.37,4567.18
2023-12-06,362.55,190.17,314.98,108.92,128.95,144.52,45.48,595.7,245.53,40.72,4549.34
2023-12-07,364.67,192.1,324.05,109.73,135.81,146.88,46.57,608.78,245.25,41.59,4585.59
2023-12-08,367.89,193.52,330.16,110.45,133.88,147.42,47.48,610.01,247.18,42.14,4604.37
2023-12-11,365.01,191.02,322.75,111.93,132.2,145.89,46.6,625.2,248.45,43.95,4622.44
2023-12-12,368.04,192.53,331.62,98.01,131.43,147.48,47.63,633.66,252.74,43.46,4643.7
2023-12-13,368.03,195.74,332.13,100.13,131.48,148.84,48.06,624.26,253.6,43.98,4707.09
2023-12-14,359.73,195.89,330.58,97.52,130.86,147.42,48.32,584.64,253.49,44.58,4719.55
2023-12-15,364.45,195.36,332.31,100.45,131.51,149.97,48.86,584.68,257.81,45.55,4719.19
2023-12-18,366.34,193.7,341.94,102.08,134.69,154.07,50.05,599.13,259.78,45.09,4740.56
2023-12-19,366.94,194.74,347.63,103.3,135.53,153.79,49.57,604.64,260.52,46.04,4768.37
2023-12-20,364.34,192.65,346.56,101.26,137.21,152.12,48.08,596.06,256.48,45.16,4698.35
2023-12-21,367.21,192.5,351.33,102.92,139.27,153.84,48.96,600.14,263.38,46.46,4746.75
2023-12-22,368.24,191.43,350.64,103.25,140.33,153.42,48.8,598.75,262.49,47.37,4754.63
2023-12-26,368.32,190.89,352.07,103.24,140.36,153.41,49.25,598.26,262.37,49.83,4774.75
2023-12-27,367.74,190.99,355.04,103.0,139.22,153.34,49.39,596.08,262.86,50.09,4781.58
2023-12-28,368.92,191.41,355.53,103.3,139.08,153.38,49.49,595.52,261.74,49.72,4783.35
2023-12-29,369.67,190.38,351.2,102.5,138.54,151.94,49.49,596.6,259.33,49.59,4769.83
2024-01-02,364.59,183.56,343.59,101.17,137.04,149.93,48.14,580.07,252.42,47.17,4742.83
2024-01-03,364.32,182.19,341.79,99.61,137.78,148.47,47.54,571.79,248.2,46.43,4704.81
2024-01-04,361.71,179.87,344.42,99.74,135.27,144.57,47.97,567.05,247.6,46.25,4688.68
2024-01-05,361.52,179.15,349.21,99.88,134.62,145.24,49.07,564.6,247.49,46.27,4697.24
2024-01-08,368.34,183.48,355.87,101.75,137.7,149.1,52.22,580.55,257.1,47.81,4763.54
2024-01-09,369.43,183.07,354.65,100.75,139.79,151.37,53.11,586.2,257.56,47.41,4756.5
2024-01-10,376.29,184.11,367.59,101.42,141.11,153.73,54.32,591.03,260.31,46.84,4783.45
2024-01-11,378.12,183.51,366.79,102.25,140.92,155.18,54.79,597.49,267.45,47.01,4780.24
2024-01-12,381.89,183.84,371.57,104.04,141.48,154.62,54.68,596.54,268.0,46.5,4783.83
2024-01-16,383.66,181.57,364.6,104.01,141.32,153.16,56.35,597.68,265.3,46.44,4765.98
2024-01-17,382.87,180.64,365.5,103.87,140.31,151.71,56.02,596.1,267.51,45.45,4739.21
2024-01-18,387.2,186.52,373.2,106.09,142.3,153.5,57.07,593.7,270.49,46.12,4780.94
2024-01-19,391.92,189.42,380.46,107.04,145.18,155.34,59.45,611.55,276.82,47.51,4839.81
2024-01-22,389.8,191.72,378.81,107.46,144.79,154.78,59.62,603.59,276.24,47.58,4850.43
2024-01-23,392.14,193.0,382.2,109.14,145.83,156.02,59.84,597.18,272.77,48.24,4864.6
2024-01-24,395.74,192.32,387.66,111.56,147.48,156.87,61.32,606.48,272.87,48.44,4868.55
2024-01-25,398.01,192.0,390.12,112.24,150.63,157.75,61.58,622.58,274.99,48.9,4894.16
2024-01-26,397.09,190.27,391.07,111.89,150.94,159.12,60.99,613.93,275.89,43.07,4890.97
2024-01-29,402.78,189.58,397.9,111.02,152.25,161.26,62.43,630.23,283.69,43.26,4927.93
2024-01-30,401.67,185.94,396.94,111.42,150.22,159.0,62.74,627.96,283.57,42.35,4924.97
2024-01-31,390.85,182.34,387.1,109.02,138.95,155.2,61.49,617.78,277.02,42.51,4845.65
2024-02-01,396.94,184.77,391.71,112.76,140.0,159.28,62.99,627.91,279.69,42.79,4906.19
2024-02-02,404.26,183.77,471.29,113.01,141.21,171.81,66.12,634.76,281.53,42.04,4958.61
2024-02-05,398.78,185.58,455.83,113.59,142.5,170.31,69.29,630.5,283.94,42.2,4942.81
2024-02-06,398.62,187.18,451.18,112.53,142.92,169.15,68.18,607.14,281.69,42.3,4954.23
2024-02-07,407.04,187.29,465.93,114.45,144.35,170.53,70.06,615.85,284.66,42.34,4995.06
2024-02-08,407.1,186.21,466.34,113.88,144.71,169.84,69.6,615.86,287.73,42.06,4997.91
2024-02-09,413.43,186.97,464.47,113.84,147.78,174.45,72.09,627.21,287.09,42.86,5026.61
2024-02-12,408.23,185.29,465.25,113.06,146.32,172.34,72.2,611.84,283.16,43.58,5021.84
2024-02-13,399.44,183.2,456.54,110.95,143.95,168.64,72.08,601.89,277.08,42.71,4953.17
2024-02-14,403.3,182.32,469.59,111.52,144.74,170.98,73.85,604.66,284.97,43.73,5000.62
2024-02-15,400.41,182.03,480.26,110.07,141.6,169.8,72.61,590.44,287.72,43.6,5029.73
2024-02-16,397.95,180.5,469.63,108.64,139.37,169.51,72.57,546.66,285.53,43.06,5005.57
2024-02-20,396.7,179.76,468.08,105.85,139.96,167.08,69.41,541.91,282.25,44.06,4975.51
2024-02-21,396.1,180.51,464.88,105.56,141.38,168.59,67.43,538.52,279.45,43.02,4981.8
2024-02-22,405.43,182.54,482.86,108.34,142.91,174.58,78.49,537.57,289.4,42.54,5087.03
2024-02-23,404.14,180.71,480.77,109.26,142.78,174.99,78.77,553.44,288.56,42.55,5088.8
2024-02-26,401.38,179.36,478.5,108.3,136.44,174.73,79.04,560.48,296.04,42.55,5069.53
2024-02-27,401.32,180.82,483.77,108.7,137.74,173.54,78.65,552.49,295.17,42.29,5078.18
2024-02-28,401.56,179.62,480.76,109.0,135.26,173.16,77.62,551.82,295.43,41.56,5069.76
2024-02-29,407.39,178.95,486.83,109.0,137.33,176.76,79.06,560.28,304.35,42.61,5096.27
2024-03-01,409.22,177.88,498.92,111.05,136.02,178.22,82.23,570.93,312.29,43.37,5137.08
2024-03-04,408.65,173.36,494.84,111.32,132.26,177.58,85.18,567.94,310.09,45.14,5130.95
2024-03-05,396.56,168.43,486.92,108.28,131.58,174.12,85.92,544.84,294.43,42.71,5078.65
2024-03-06,396.01,167.44,492.75,109.57,130.32,173.51,88.65,543.09,299.37,44.05,5104.76
2024-03-07,402.96,167.32,508.74,111.79,133.28,176.82,92.62,556.04,298.04,45.67,5157.36
2024-03-08,400.08,169.03,502.54,109.72,134.3,175.35,87.48,551.69,300.86,43.55,5123.69
2024-03-11,398.4,171.03,480.33,111.39,136.54,171.96,85.73,560.42,301.57,44.4,5117.94
2024-03-12,409.0,171.51,496.38,124.48,137.36,175.39,91.86,579.14,302.18,44.77,5175.27
2024-03-13,408.83,169.43,492.23,122.51,138.64,176.56,90.84,573.55,300.66,42.78,5165.31
2024-03-14,418.79,171.28,488.52,122.52,141.93,178.75,87.89,570.45,299.32,42.31,5150.48
2024-03-15,410.13,170.91,480.84,122.52,140.02,174.42,87.79,492.46,290.45,42.2,5117.09
2024-03-18,411.01,171.99,493.63,124.73,146.47,174.48,88.41,513.86,296.55,42.27,5149.42
2024-03-19,415.04,174.33,492.9,126.09,145.82,175.9,89.35,521.19,297.48,41.62,5178.51
2024-03-20,418.8,176.9,502.12,126.14,147.52,178.15,90.32,519.14,302.05,41.76,5224.62
2024-03-21,422.88,169.67,504.34,125.91,146.39,178.15,91.38,511.25,304.32,41.98,5241.53
2024-03-22,422.26,170.57,506.15,124.72,149.53,178.87,94.24,499.52,303.71,42.13,5234.18
2024-03-25,416.47,169.15,499.63,123.05,148.84,179.71,94.95,507.23,302.03,41.4,5218.19
2024-03-26,415.28,168.02,492.55,123.43,149.43,178.3,92.51,507.6,301.8,41.56,5203.58
2024-03-27,415.06,171.59,490.53,122.26,149.63,179.83,90.2,504.4,297.41,43.32,5248.49
2024-03-28,414.36,169.78,482.31,122.59,149.69,180.38,90.31,504.6,297.21,43.71,5254.35
2024-04-01,418.15,168.34,488.04,122.47,154.22,180.97,90.31,502.09,298.28,44.06,5243.77
2024-04-02,415.07,167.16,494.02,121.35,153.29,180.69,89.4,499.21,299.99,43.49,5205.81
2024-04-03,414.09,167.97,503.33,123.21,153.65,182.41,88.91,497.01,300.72,39.91,5211.49
2024-04-04,411.56,167.14,507.48,121.21,149.3,180.0,85.86,487.11,290.26,39.32,5147.21
2024-04-05,419.09,167.9,523.79,121.9,151.25,185.07,87.96,485.12,297.93,38.31,5204.34
2024-04-08,418.17,166.78,515.75,121.36,153.58,185.19,87.08,484.28,297.75,37.59,5202.39
2024-04-09,419.84,167.99,513.42,120.66,155.32,185.67,85.31,492.55,298.38,37.93,5209.91
2024-04-10,416.86,166.11,516.33,119.21,154.86,185.95,86.99,487.22,295.67,36.82,5160.64
2024-04-11,421.46,173.3,519.64,120.67,158.1,189.05,90.56,484.28,295.21,37.24,5199.06
2024-04-12,415.52,174.8,508.45,118.58,156.44,186.13,88.14,474.09,290.44,35.32,5123.41
2024-04-15,407.39,170.98,496.86,117.38,153.59,183.62,85.95,470.1,269.3,35.94,5061.82
2024-04-16,408.31,167.7,496.39,118.1,153.13,183.32,87.37,476.22,273.75,35.89,5051.41
2024-04-17,405.61,166.33,490.84,116.19,154.2,181.28,83.99,474.45,272.68,35.31,5022.21
2024-04-18,398.16,165.38,498.42,113.58,154.73,179.22,84.62,473.18,268.34,34.68,5011.12
2024-04-19,393.09,163.36,477.83,112.48,152.83,174.63,76.16,465.02,266.81,33.85,4967.23
2024-04-22,394.9,164.19,478.49,112.14,155.0,177.23,79.47,466.89,270.2,34.05,5010.6
2024-04-23,401.41,165.24,492.76,112.69,156.96,179.54,82.38,472.9,273.03,33.93,5070.55
2024-04-24,402.88,167.34,490.18,112.93,157.83,176.59,79.63,477.12,272.55,34.14,5071.63
2024-04-25,393.01,168.2,438.41,112.49,154.72,173.67,82.59,473.44,269.54,34.75,5048.42
2024-04-26,400.18,167.62,440.31,114.76,170.54,179.62,87.69,477.56,270.67,31.55,5099.96
2024-04-29,396.17,171.78,429.71,114.06,164.79,180.96,87.71,473.07,272.11,31.04,5116.17
2024-04-30,383.44,168.64,427.27,111.38,161.45,175.0,86.35,462.83,265.39,30.16,5035.69
2024-05-01,388.97,167.62,436.23,112.24,162.52,179.0,82.99,469.39,265.15,30.06,5018.39
2024-05-02,391.83,171.31,438.71,112.56,165.25,184.72,85.77,476.57,268.54,30.2,5064.2
2024-05-03,400.51,181.56,448.92,113.38,165.87,186.21,88.74,486.18,270.05,30.58,5127.79
2024-05-06,407.29,179.91,462.54,115.87,166.72,188.7,92.09,493.59,272.0,30.77,5180.74
2024-05-07,403.15,180.59,465.09,115.47,169.85,188.76,90.5,492.27,273.53,30.49,5187.7
2024-05-08,404.33,180.93,469.42,114.94,167.99,188.0,90.36,488.1,275.29,29.81,5187.67
2024-05-09,406.09,182.74,472.22,114.21,168.57,189.5,88.7,482.65,271.54,29.9,5214.08
2024-05-10,408.47,181.48,472.99,114.24,167.27,187.48,89.83,482.29,273.02,29.66,5222.68
2024-05-13,407.47,184.68,464.86,113.94,167.75,186.57,90.35,483.11,273.86,30.32,5221.42
2024-05-14,410.26,185.82,468.67,118.35,168.94,187.07,91.3,475.95,273.15,30.85,5246.68
2024-05-15,417.44,188.09,478.3,119.09,171.1,185.99,94.58,485.35,283.75,31.07,5308.15
2024-05-16,415.37,188.21,470.04,119.61,172.75,183.63,94.31,482.88,280.93,31.83,5297.1
2024-05-17,414.6,188.24,468.73,120.92,174.62,184.7,92.43,483.43,281.85,31.63,5303.27
2024-05-20,419.67,189.4,465.68,121.92,175.47,183.54,94.73,484.69,283.29,31.9,5308.13
2024-05-21,423.32,190.7,461.5,122.03,176.39,183.15,95.33,481.85,280.02,31.54,5321.41
2024-05-22,424.78,189.26,464.63,122.0,174.93,183.13,94.9,483.93,280.08,31.22,5307.01
2024-05-23,421.3,185.28,462.64,121.5,172.13,181.05,103.74,483.31,274.9,29.89,5267.84
2024-05-24,424.42,188.35,475.0,120.35,173.56,180.75,106.41,475.43,268.7,30.53,5304.72
2024-05-28,424.58,188.36,476.69,121.89,174.95,182.15,113.84,478.43,266.27,30.86,5306.04
2024-05-29,423.44,188.66,471.17,121.16,174.46,182.02,114.76,477.6,268.04,29.94,5266.95
2024-05-30,409.14,189.65,463.91,114.65,170.7,179.32,110.44,445.87,215.14,30.0,5235.48
2024-05-31,409.59,190.6,463.69,114.74,171.09,176.44,109.57,444.76,231.35,30.66,5277.51
2024-06-03,408.0,192.36,474.27,116.79,171.75,178.34,114.94,439.02,233.5,30.1,5283.4
2024-06-04,410.52,192.68,473.78,117.56,172.37,179.34,116.37,448.37,231.76,29.84,5291.34
2024-06-05,418.35,194.19,491.73,120.07,173.97,181.28,122.37,455.8,233.41,30.59,5354.03
2024-06-06,418.86,192.81,490.44,120.92,175.28,185.0,120.93,458.13,239.56,30.23,5352.96
2024-06-07,418.2,195.2,489.64,123.29,173.03,184.3,120.82,465.43,238.66,30.55,5346.99
2024-06-10,422.16,191.46,499.22,121.9,173.77,187.06,121.72,459.94,238.65,30.72,5360.79
2024-06-11,426.91,205.37,504.05,121.29,175.37,187.23,120.85,462.69,237.81,30.73,5375.32
2024-06-12,435.18,211.24,505.41,137.45,176.54,186.89,125.14,459.87,232.69,30.57,5421.03
2024-06-13,435.69,212.4,500.71,136.93,173.92,183.83,129.55,458.74,226.01,30.27,5433.74
2024-06-14,436.67,210.67,501.26,135.25,175.54,183.66,131.82,525.31,228.88,30.26,5431.6
2024-06-17,442.39,214.81,503.72,138.36,175.99,184.06,130.92,518.74,227.44,30.78,5473.23
2024-06-18,440.39,212.45,496.62,141.62,173.85,182.81,135.51,522.25,228.75,30.44,5487.03
2024-06-20,439.75,207.88,498.82,139.93,175.06,186.1,130.72,522.95,238.61,30.43,5473.17
2024-06-21,443.78,205.71,491.94,138.55,178.36,189.08,126.51,533.44,241.83,30.89,5464.62
2024-06-24,441.7,206.35,496.04,136.97,177.95,185.57,118.05,524.17,236.78,30.38,5447.87
2024-06-25,444.93,207.27,507.67,136.27,182.73,186.34,126.03,526.88,238.57,30.55,5469.3
2024-06-26,446.13,211.42,510.17,135.35,182.58,193.61,126.34,528.66,239.94,30.35,5477.9
2024-06-27,446.81,212.26,516.57,137.25,184.1,197.85,123.93,546.76,249.52,30.4,5482.87
2024-06-28,440.99,208.81,501.32,138.25,180.86,193.25,123.48,555.54,253.71,30.77,5460.48
2024-07-01,450.64,214.89,501.78,140.1,181.7,197.2,124.24,560.01,252.83,30.65,5475.09
2024-07-02,453.15,218.38,506.57,140.29,183.93,200.0,122.61,567.71,252.81,30.87,5509.01
2024-07-03,454.62,219.65,507.03,141.37,184.51,197.59,128.22,570.15,257.51,31.03,5537.02
2024-07-05,461.32,224.4,536.81,141.81,189.25,200.0,125.77,578.34,259.72,31.82,5567.19
2024-07-08,460.02,225.86,526.28,142.0,187.7,199.29,128.14,575.4,253.98,33.78,5572.85
2024-07-09,453.41,226.72,526.95,137.74,187.65,199.34,131.32,566.02,249.49,34.37,5576.98
2024-07-10,460.03,230.98,531.62,139.11,189.83,199.79,134.85,564.55,249.65,34.65,5633.91
2024-07-11,448.63,225.62,509.75,140.18,184.26,195.05,127.34,557.63,248.2,33.29,5584.54
2024-07-12,447.5,228.56,496.0,142.15,183.76,194.49,129.18,559.05,251.01,34.27,5615.35
2024-07-15,447.9,232.39,493.31,140.48,185.21,192.72,128.38,565.71,249.92,34.24,5631.22
2024-07-16,443.52,232.8,486.98,140.03,182.62,193.02,126.3,566.54,253.05,34.12,5667.2
2024-07-17,437.6,226.91,459.33,136.74,179.74,187.93,117.93,563.09,248.29,34.24,5588.27
2024-07-18,434.5,222.25,473.12,135.53,176.44,183.75,121.03,556.85,244.47,34.65,5544.59
2024-07-19,431.28,222.38,474.05,136.05,176.41,183.13,117.87,551.0,244.75,32.77,5505.0
2024-07-22,437.03,222.04,484.6,137.63,180.39,182.55,123.48,554.82,251.12,33.16,5564.41
2024-07-23,438.92,223.08,485.88,140.52,180.51,186.41,122.53,546.01,253.08,32.74,5555.74
2024-07-24,423.18,216.66,458.62,136.26,171.41,180.83,114.19,531.04,246.87,31.5,5427.13
2024-07-25,412.82,215.62,450.8,135.32,166.1,179.85,112.23,532.15,253.53,30.9,5399.22
2024-07-26,419.6,216.09,463.02,136.49,165.82,182.5,113.01,542.44,259.65,31.15,5459.1
2024-07-29,421.04,216.37,463.03,135.81,168.33,183.2,111.54,536.61,255.58,30.64,5463.54
2024-07-30,417.28,216.92,460.53,133.21,169.09,181.71,103.68,538.71,254.93,29.94,5436.44
2024-07-31,412.77,220.17,472.1,136.93,170.33,186.98,116.96,551.65,255.79,30.55,5522.3
2024-08-01,411.55,216.48,494.88,135.02,169.55,184.07,109.16,546.41,250.11,28.87,5446.68
2024-08-02,403.04,217.97,485.33,130.87,165.48,167.9,107.22,526.17,241.13,21.34,5346.56
2024-08-05,389.88,207.47,473.0,125.55,158.13,161.02,100.4,509.32,236.23,19.98,5186.33
2024-08-06,394.28,205.45,491.25,125.89,157.17,161.93,104.2,514.2,235.64,19.7,5240.03
2024-08-07,393.11,208.02,486.11,123.62,157.82,162.77,98.86,513.62,237.24,18.99,5199.5
2024-08-08,397.32,211.48,506.7,126.63,160.89,165.8,104.92,530.24,246.22,20.49,5319.31
2024-08-09,400.6,214.38,514.79,129.67,162.51,166.94,104.7,536.3,249.59,19.71,5344.16
2024-08-12,401.38,215.91,512.98,130.18,161.14,166.8,108.97,530.93,248.38,19.36,5344.39
2024-08-13,408.49,219.62,525.5,131.83,163.0,170.23,116.08,535.22,251.63,20.47,5434.43
2024-08-14,411.3,220.07,523.73,133.15,159.24,170.1,118.02,539.79,252.35,19.92,5455.21
2024-08-15,416.16,223.05,534.24,134.45,160.16,177.59,122.8,554.16,259.73,20.69,5543.22
2024-08-16,413.63,224.37,524.39,134.98,161.81,177.06,124.52,553.46,259.85,20.87,5554.25
2024-08-19,416.66,224.21,526.24,135.42,165.49,178.22,129.94,563.12,262.29,21.52,5608.25
2024-08-20,419.89,224.82,523.7,136.65,166.0,178.88,127.19,562.25,258.79,20.99,5597.12
2024-08-21,419.24,224.72,532.08,137.66,164.68,180.11,128.44,565.79,258.05,21.41,5620.85
2024-08-22,410.75,222.86,528.87,135.58,162.64,176.13,123.68,557.44,255.58,20.1,5570.64
2024-08-23,411.97,225.15,524.97,136.67,164.45,177.04,129.31,558.3,260.93,20.54,5634.61
2024-08-26,408.71,225.49,518.12,136.39,164.99,175.5,126.4,559.44,262.19,20.13,5616.84
2024-08-27,409.06,226.33,516.12,135.97,163.52,173.12,128.24,567.82,261.12,20.07,5625.8
2024-08-28,405.85,224.8,513.81,135.38,161.7,170.8,125.55,560.54,255.88,19.61,5592.18
2024-08-29,408.34,228.08,515.24,136.9,160.64,172.12,117.53,569.63,254.02,20.13,5591.96
2024-08-30,412.32,227.3,518.31,138.73,162.23,178.5,119.31,574.41,249.95,22.04,5648.4
2024-09-03,404.71,221.11,508.82,136.97,156.25,176.25,107.95,571.04,245.17,20.1,5528.93
2024-09-04,404.17,219.21,509.79,138.2,155.35,173.33,106.16,575.25,244.8,19.43,5520.07
2024-09-05,403.67,220.73,513.89,140.03,156.13,177.89,107.16,567.93,243.25,19.4,5503.41
2024-09-06,397.06,219.18,497.39,139.24,149.85,171.39,102.78,563.41,241.13,18.89,5408.42
2024-09-09,401.03,219.27,501.89,137.36,147.86,175.4,106.42,569.88,242.9,19.07,5471.05
2024-09-10,409.41,218.47,501.89,153.07,147.81,179.55,108.05,574.48,243.29,18.98,5495.52
2024-09-11,418.15,221.0,508.89,154.33,150.29,184.52,116.85,580.38,246.66,19.64,5554.13
2024-09-12,422.06,221.11,522.58,158.46,153.8,187.0,119.09,586.55,250.42,19.36,5595.76
2024-09-13,425.61,220.84,521.6,159.1,156.56,186.49,119.05,536.87,251.61,19.66,5626.02
2024-09-16,426.35,214.71,530.72,167.25,157.15,184.89,116.73,521.5,253.92,20.91,5633.09
2024-09-17,430.12,215.18,533.75,164.44,158.41,186.88,115.54,515.03,252.22,21.47,5634.58
2024-09-18,425.83,219.05,535.37,161.55,158.89,186.43,113.33,508.13,249.88,20.77,5618.26
2024-09-19,433.62,227.17,556.42,164.56,161.21,189.87,117.82,526.44,263.31,21.14,5713.64
2024-09-20,430.24,226.5,558.66,164.96,162.65,191.6,115.95,522.3,264.11,21.84,5702.55
2024-09-23,428.5,224.78,561.7,162.95,160.92,193.88,116.21,527.87,261.54,22.56,5718.57
2024-09-24,424.21,225.68,560.63,162.8,161.36,193.96,120.82,524.07,267.71,22.81,5732.93
2024-09-25,427.11,224.69,565.58,163.27,160.56,192.53,123.46,517.9,271.32,23.54,5722.26
2024-09-26,426.32,225.83,565.11,165.06,161.8,191.16,123.99,515.38,272.98,23.92,5745.37
2024-09-27,423.07,226.1,564.64,165.69,163.01,187.97,121.35,515.48,273.85,23.91,5738.17
2024-09-30,425.32,231.27,569.69,167.32,164.9,186.33,121.39,517.78,270.95,23.46,5762.48
2024-10-01,415.83,224.53,573.7,164.13,166.03,185.13,116.95,502.8,268.14,22.69,5708.75
2024-10-02,412.31,225.09,570.06,164.67,164.91,184.76,118.8,505.81,276.66,22.39,5709.54
2024-10-03,411.72,223.99,579.97,163.84,164.91,181.96,122.8,503.8,278.07,22.26,5699.94
2024-10-04,411.25,225.11,593.08,167.77,166.1,186.51,124.87,507.22,284.85,22.59,5751.07
2024-10-07,404.8,220.04,581.97,166.89,162.04,180.8,127.67,487.3,281.7,22.38,5695.94
2024-10-08,409.92,224.09,590.04,171.21,163.44,182.72,132.84,496.24,288.63,23.32,5751.13
2024-10-09,412.63,227.83,587.68,175.06,160.93,185.17,132.6,494.08,285.01,23.46,5792.04
2024-10-10,411.03,227.34,581.03,172.62,161.15,186.65,134.76,503.57,287.24,23.22,5780.05
2024-10-11,411.51,225.86,587.12,172.98,162.3,188.82,134.75,495.42,285.19,23.56,5815.03
2024-10-14,414.29,229.58,587.59,173.32,164.01,187.54,138.02,509.65,288.7,23.44,5859.85
2024-10-15,413.9,232.11,583.46,171.32,164.51,187.69,131.55,508.03,285.44,22.66,5815.26
2024-10-16,411.31,230.06,574.02,171.99,164.21,186.89,135.67,502.54,287.92,22.31,5842.47
2024-10-17,411.9,230.42,574.16,172.89,161.99,187.53,136.88,496.83,288.17,22.44,5841.47
2024-10-18,413.33,233.25,573.7,171.91,162.48,188.99,137.95,494.9,289.98,22.77,5864.67
2024-10-21,413.94,234.72,572.4,171.0,163.13,189.07,143.65,497.71,288.35,22.84,5853.98
2024-10-22,422.57,234.11,579.22,172.52,164.19,189.7,143.53,493.11,285.42,22.4,5851.2
2024-10-23,419.69,229.04,560.98,170.35,161.85,184.71,139.5,485.03,281.56,21.98,5797.42
2024-10-24,419.82,228.85,565.06,171.61,161.79,186.38,140.35,482.87,283.87,22.34,5809.86
2024-10-25,423.2,229.69,570.5,170.76,164.32,187.83,141.48,483.72,287.53,22.68,5808.12
2024-10-28,421.66,231.66,575.39,169.68,165.76,188.39,140.46,481.04,290.8,22.92,5823.52
2024-10-29,426.96,231.93,590.43,170.67,168.71,190.83,141.19,485.39,295.87,22.9,5832.92
2024-10-30,427.53,228.39,588.96,171.79,173.46,192.73,139.28,486.68,293.41,22.3,5813.67
2024-10-31,401.65,224.23,564.86,165.17,170.13,186.4,132.71,478.08,288.43,21.52,5705.45
2024-11-01,405.63,221.25,564.44,167.32,170.31,197.93,135.35,482.8,291.75,23.2,5728.8
2024-11-04,403.74,220.36,557.99,166.89,168.27,195.78,136.0,481.35,295.0,22.52,5712.69
2024-11-05,406.7,221.79,569.68,169.05,168.77,199.5,139.85,486.42,294.49,23.32,5782.76
2024-11-06,415.32,221.06,569.3,178.36,175.5,207.09,145.55,504.83,303.8,25.05,5929.04
2024-11-07,420.51,225.79,588.86,183.41,179.71,210.05,148.82,500.92,307.64,26.23,5973.1
2024-11-08,417.65,225.52,586.51,186.24,177.33,208.18,147.57,494.68,318.7,26.2,5995.54
2024-11-11,413.18,222.81,580.37,186.12,179.31,206.84,145.2,504.48,338.28,25.05,6001.35
2024-11-12,418.14,222.81,582.01,186.57,180.58,208.91,148.23,526.42,337.71,24.16,5983.99
2024-11-13,420.28,223.69,577.22,186.62,177.85,214.1,146.21,532.5,338.27,24.92,5985.38
2024-11-14,421.95,226.77,574.39,184.08,174.57,211.48,146.7,529.87,328.3,25.03,5949.17
2024-11-15,410.2,223.57,551.42,180.82,171.5,202.61,141.92,503.37,321.98,24.35,5870.62
2024-11-18,410.95,226.57,551.74,182.78,174.29,201.7,140.09,499.51,319.0,24.84,5893.62
2024-11-19,412.96,226.83,558.4,185.9,177.1,204.61,146.95,499.61,320.17,24.2,5916.98
2024-11-20,410.69,227.55,562.81,187.72,174.97,202.88,145.83,499.5,322.41,24.01,5917.11
2024-11-21,408.91,227.07,560.39,189.37,166.67,198.38,146.61,504.44,332.39,24.44,5948.71
2024-11-22,413.0,228.41,556.46,189.23,163.81,197.12,141.89,512.15,338.57,24.5,5969.34
2024-11-25,414.78,231.39,562.4,185.0,166.69,201.45,135.97,518.73,335.69,24.87,5987.37
2024-11-26,423.89,233.57,570.79,187.34,168.15,207.86,136.87,525.3,339.72,24.05,6021.63
2024-11-27,418.94,233.44,566.47,179.8,168.26,205.74,135.29,513.68,326.68,23.65,5998.74
2024-11-29,419.4,235.82,571.56,181.9,167.98,207.89,138.2,515.93,326.66,24.05,6032.38
2024-12-02,426.85,238.07,589.99,178.53,170.51,210.71,138.58,516.2,327.67,23.93,6047.15
2024-12-03,427.07,241.11,610.71,179.98,170.36,213.44,140.2,516.26,328.08,22.47,6049.88
2024-12-04,433.23,241.47,610.83,185.2,173.37,218.16,145.08,536.49,364.16,21.96,6086.49
2024-12-05,438.38,241.5,606.01,183.28,171.65,220.55,145.01,538.22,357.73,20.8,6075.11
2024-12-06,439.32,241.3,620.78,188.64,173.71,227.03,142.39,552.96,358.34,20.92,6090.27
2024-12-09,441.75,245.18,610.63,187.42,174.56,226.09,138.76,547.93,348.02,20.81,6052.85
2024-12-10,439.08,246.2,616.35,174.91,184.32,225.04,135.03,547.05,345.3,20.16,6034.91
2024-12-11,444.69,244.93,629.64,175.74,194.5,230.26,139.26,549.93,351.27,20.12,6084.19
2024-12-12,445.25,246.39,627.76,172.53,191.08,228.97,137.3,474.63,354.42,20.78,6051.25
2024-12-13,442.98,246.55,617.37,170.63,188.95,227.46,134.21,465.69,350.73,20.34,6051.09
2024-12-16,447.26,249.45,621.75,168.51,195.76,232.93,131.96,461.53,353.62,20.83,6074.08
2024-12-17,450.1,251.87,616.96,167.01,194.52,231.15,130.35,455.23,347.43,20.44,6050.61
2024-12-18,433.2,246.48,594.8,162.78,187.53,220.52,128.87,441.31,334.21,19.3,5872.16
2024-12-19,432.84,248.2,593.19,166.11,187.64,223.29,130.64,437.39,333.22,19.06,5867.08
2024-12-20,432.42,252.87,582.91,166.96,190.53,224.92,134.66,447.17,340.57,19.52,5930.85
2024-12-23,431.08,253.65,597.45,166.45,193.73,225.06,139.62,446.74,339.83,20.2,5974.07
2024-12-24,435.12,256.56,605.32,168.69,195.21,229.05,140.17,447.94,341.34,20.4,6040.04
2024-12-26,433.91,257.38,600.94,168.95,194.7,227.05,139.88,450.16,338.66,20.44,6037.59
2024-12-27,426.4,253.97,597.41,166.27,191.87,223.75,136.97,446.48,335.42,20.3,5970.84
2024-12-30,420.76,250.6,588.88,164.26,190.36,221.3,137.44,445.8,332.73,19.82,5906.94
2024-12-31,417.46,248.83,583.17,163.99,188.43,219.39,134.25,444.68,331.33,20.05,5881.63
2025-01-02,414.57,242.3,596.85,163.39,188.56,220.22,138.26,441.0,327.7,20.22,5868.55
2025-01-03,419.29,241.82,602.21,163.68,190.91,224.19,144.42,430.57,329.92,20.56,5942.47
2025-01-06,423.75,243.44,627.68,163.06,195.96,227.61,149.38,431.18,327.57,19.87,5975.38
2025-01-07,418.32,240.67,615.42,159.45,194.59,222.11,140.09,422.63,322.02,20.01,5909.03
2025-01-08,420.49,241.16,608.28,160.55,193.06,222.13,140.06,419.58,323.97,19.88,5918.25
2025-01-10,414.94,235.35,613.4,152.42,191.16,218.94,135.87,405.92,315.0,19.15,5827.04
2025-01-13,413.19,232.91,605.9,151.85,190.13,218.46,133.19,408.5,316.21,19.2,5836.22
2025-01-14,411.69,231.8,591.88,154.2,188.79,217.76,131.72,412.71,320.64,19.2,5842.91
2025-01-15,422.22,236.36,614.65,156.18,194.65,223.35,136.2,417.28,318.28,19.72,5949.91
2025-01-16,420.51,226.81,608.86,157.39,192.02,220.66,133.53,426.93,317.13,19.67,5937.34
2025-01-17,424.92,228.52,610.32,158.86,195.1,225.94,137.66,429.99,321.65,21.49,5996.66
2025-01-21,424.39,221.23,614.0,170.24,197.14,230.71,140.78,436.36,323.91,21.77,6049.24
2025-01-22,441.92,222.41,621.01,181.74,197.46,235.01,147.02,437.32,329.64,21.86,6086.37
2025-01-23,442.43,222.24,633.91,183.96,197.07,235.42,147.17,437.28,331.66,21.57,6118.71
2025-01-24,439.8,221.37,644.9,181.13,199.29,234.85,142.57,435.38,330.89,20.83,6101.24
2025-01-27,430.4,228.4,657.24,156.15,190.93,235.42,118.38,438.6,343.99,20.29,6012.28
2025-01-28,442.91,236.75,671.64,161.79,194.4,238.15,128.95,442.84,356.72,19.8,6067.7
2025-01-29,438.09,237.84,673.79,159.84,194.51,237.07,123.66,441.68,350.83,19.75,6039.31
2025-01-30,411.01,236.08,684.25,168.08,199.95,234.64,124.61,446.0,340.49,20.01,6071.17
2025-01-31,411.08,234.5,686.43,167.77,203.08,237.68,120.03,437.45,338.64,19.43,6040.53
2025-02-03,406.98,226.56,694.67,166.33,200.3,237.42,116.62,438.6,336.2,19.38,5994.57
2025-02-04,408.42,231.32,701.38,165.63,205.43,242.06,118.61,440.23,341.05,19.29,6037.88
2025-02-05,409.33,230.99,702.05,169.35,190.45,236.17,124.79,437.63,344.81,19.65,6061.48
2025-02-06,411.84,231.74,709.14,170.03,190.72,238.83,128.64,435.4,327.84,19.38,6083.57
2025-02-07,405.82,226.18,711.66,172.11,184.49,229.15,129.8,433.07,322.91,19.1,6025.99
2025-02-10,408.27,226.45,714.53,176.51,185.61,233.14,133.53,451.1,324.27,19.77,6066.44
2025-02-11,407.5,231.4,716.92,174.8,184.47,232.76,132.76,458.82,321.49,20.97,6068.5
2025-02-12,405.12,235.62,722.48,169.9,182.77,228.93,131.1,462.76,323.2,22.48,6051.97
2025-02-13,406.61,240.26,725.65,171.52,185.28,230.37,135.25,459.22,326.89,24.13,6115.07
2025-02-14,404.52,243.31,733.73,171.81,184.38,228.68,138.8,460.16,323.61,23.6,6114.63
2025-02-18,405.71,243.19,713.51,177.38,182.92,226.65,139.35,464.11,326.01,27.39,6129.58
2025-02-19,410.8,243.58,700.96,179.07,184.42,226.63,139.18,456.99,321.62,25.72,6144.15
2025-02-20,412.97,244.54,692.06,173.63,183.71,222.88,140.06,454.69,315.58,26.09,6117.52
2025-02-21,405.11,244.26,680.82,165.55,178.83,216.58,134.39,444.32,307.02,24.87,6013.13
2025-02-24,400.93,245.8,665.46,167.67,178.43,212.71,130.24,444.42,305.56,24.27,5983.25
2025-02-25,394.88,245.74,654.87,166.27,174.61,212.8,126.59,443.41,303.14,22.99,5955.25
2025-02-26,396.69,239.1,671.01,170.15,171.94,214.35,131.24,441.5,304.57,23.52,5956.06
2025-02-27,389.55,236.05,655.61,162.54,167.72,208.74,120.11,437.19,292.26,23.09,5861.57
2025-02-28,393.97,240.57,665.53,163.82,169.5,212.28,124.88,438.56,295.18,23.73,5954.5
2025-03-03,385.54,236.78,652.43,159.84,166.24,205.02,114.02,440.72,290.43,22.74,5849.72
2025-03-04,385.66,234.69,637.44,155.35,170.13,203.8,115.95,446.03,284.76,21.33,5778.15
2025-03-05,397.97,234.5,653.85,159.38,172.22,208.36,117.26,451.24,289.35,20.81,5842.63
2025-03-06,393.87,234.09,625.42,148.91,171.56,200.7,110.53,444.78,283.49,20.75,5738.52
2025-03-07,390.32,237.81,623.16,153.07,173.06,199.25,112.65,449.4,280.35,20.64,5770.2
2025-03-10,377.27,226.28,595.6,146.78,165.3,194.54,106.94,435.08,270.45,19.93,5614.56
2025-03-11,377.56,219.68,603.29,142.24,163.47,196.59,108.72,433.66,274.57,19.78,5572.07
2025-03-12,380.36,215.84,617.08,148.86,166.53,198.89,115.71,438.6,282.03,20.68,5599.3
2025-03-13,375.89,208.58,588.28,145.67,162.2,193.89,115.55,377.84,269.3,23.7,5521.52
2025-03-14,385.61,212.37,605.71,147.26,164.92,197.95,121.64,394.74,276.9,24.05,5638.94
2025-03-17,385.75,212.88,603.02,151.93,163.72,195.74,119.5,399.34,278.23,25.69,5675.12
2025-03-18,380.61,211.57,580.55,147.44,160.11,192.82,115.4,391.37,276.23,25.92,5614.66
2025-03-19,384.87,214.11,582.24,150.4,163.32,195.54,117.49,387.89,276.89,24.12,5675.29
2025-03-20,383.9,212.97,584.18,150.66,162.24,194.95,118.5,389.61,276.53,23.96,5662.89
2025-03-21,388.29,217.12,594.4,150.18,163.42,196.21,117.67,387.26,278.1,24.26,5667.56
2025-03-24,390.09,219.57,616.93,152.78,167.1,203.26,121.38,394.47,283.4,24.22,5767.57
2025-03-25,392.16,222.57,624.36,151.86,169.97,205.71,120.66,403.64,286.02,24.2,5776.65
2025-03-26,387.01,220.37,609.08,145.81,164.49,201.13,113.73,397.81,278.47,23.42,5712.2
2025-03-27,387.61,222.67,600.71,143.82,161.68,201.36,111.4,396.15,275.32,23.62,5693.31
2025-03-28,375.92,216.75,574.95,138.97,153.8,192.72,109.64,385.71,267.55,22.71,5580.94
2025-03-31,372.54,220.96,574.57,137.93,154.11,190.26,108.35,383.53,265.95,22.71,5611.85
2025-04-01,379.29,222.02,584.18,140.03,156.53,192.17,110.12,383.2,267.78,22.05,5633.07
2025-04-02,379.24,222.71,582.11,143.89,156.5,196.01,110.39,385.78,269.11,21.98,5670.97
2025-04-03,370.28,202.12,529.97,135.38,150.2,178.41,101.78,367.25,252.94,22.43,5396.52
2025-04-04,357.11,187.39,503.16,126.54,145.1,171.0,94.29,349.07,238.6,19.85,5074.08
2025-04-07,355.14,180.51,514.64,125.45,146.24,175.26,97.62,340.7,242.02,19.57,5062.25
2025-04-08,351.87,171.51,508.86,122.82,144.2,170.66,96.28,340.0,241.8,18.13,4982.77
2025-04-09,387.52,197.8,583.95,137.81,158.16,191.1,114.3,364.64,262.79,21.53,5456.9
2025-04-10,378.45,189.42,544.59,132.03,152.29,181.22,107.54,350.05,253.23,19.88,5268.05
2025-04-11,385.5,197.11,541.88,131.04,156.6,184.87,110.9,352.47,253.11,19.74,5363.36
2025-04-14,384.86,201.46,529.83,133.3,158.52,182.12,110.68,350.91,252.66,20.31,5405.97
2025-04-15,382.8,201.08,519.9,132.61,155.77,179.59,112.17,350.38,253.04,19.85,5396.63
2025-04-16,368.79,193.25,500.75,128.47,152.8,174.33,104.47,344.19,247.99,19.23,5275.7
2025-04-17,364.99,195.94,499.92,127.34,150.64,172.61,101.47,348.8,245.43,18.93,5282.7
2025-04-21,356.39,192.14,483.15,121.6,147.16,167.32,96.89,343.22,234.51,18.84,5158.2
2025-04-22,364.03,198.69,498.72,125.98,150.95,173.18,98.87,349.91,241.59,19.51,5287.76
2025-04-23,371.55,203.52,518.65,130.09,154.81,180.6,102.69,351.96,248.62,20.59,5375.86
2025-04-24,384.36,207.27,531.49,136.14,158.73,186.54,106.4,360.91,262.74,21.49,5484.77
2025-04-25,388.87,208.18,545.57,137.11,161.4,188.99,110.98,367.72,265.87,20.05,5525.21
2025-04-28,388.19,209.04,548.03,138.75,160.06,187.7,108.7,368.62,263.67,20.51,5528.75
2025-04-29,391.05,210.1,552.72,139.39,159.61,187.39,108.99,370.98,265.78,20.34,5560.83
2025-04-30,392.26,211.38,547.29,139.32,158.25,184.42,108.89,374.98,266.72,20.1,5569.06
2025-05-01,422.17,212.2,570.43,144.04,160.74,190.2,111.58,374.63,267.33,19.98,5604.14
2025-05-02,431.97,204.27,595.16,149.23,163.46,189.98,114.47,380.87,273.04,20.62,5686.67
2025-05-05,432.86,197.84,597.41,147.81,163.64,186.35,113.79,381.06,270.61,20.27,5650.38
2025-05-06,430.02,197.47,585.48,146.23,162.67,185.01,113.51,382.98,271.34,19.94,5606.91
2025-05-07,430.06,195.22,594.95,147.89,150.86,188.71,117.03,384.97,276.17,20.31,5631.28
2025-05-08,434.84,196.45,596.15,148.81,153.75,192.08,117.34,383.99,277.67,21.0,5663.94
2025-05-09,435.4,197.49,590.65,148.85,152.22,193.06,116.62,383.28,273.38,21.42,5659.91
2025-05-12,445.85,209.96,637.44,155.66,157.91,208.64,122.97,395.94,286.68,22.18,5844.19
2025-05-13,445.73,212.09,653.99,160.66,158.98,211.37,129.9,397.4,287.03,22.56,5886.55
2025-05-14,449.5,211.49,657.31,161.33,164.8,210.25,135.31,399.47,288.59,21.52,5892.58
2025-05-15,450.51,210.61,641.88,157.82,163.39,205.17,134.8,404.69,288.61,21.55,5916.93
2025-05-16,451.65,210.43,638.35,158.9,165.62,205.59,135.37,417.13,288.99,21.66,5958.38
2025-05-19,456.22,207.95,638.44,158.05,165.96,206.16,135.54,420.68,285.5,21.38,5963.6
2025-05-20,455.52,206.04,635.12,158.72,163.41,204.07,134.35,417.61,285.93,21.27,5940.46
2025-05-21,449.96,201.29,633.52,155.62,167.98,201.12,131.77,414.03,280.19,20.69,5844.61
2025-05-22,452.23,200.56,634.59,155.75,170.28,203.1,132.8,414.33,281.32,20.55,5842.01
2025-05-23,447.58,194.5,625.11,154.42,167.89,200.99,131.26,407.69,271.11,20.05,5802.82
2025-05-27,458.03,199.42,640.32,160.3,172.3,206.02,135.47,413.1,275.14,20.55,5921.54
2025-05-28,454.72,199.63,641.58,162.22,171.76,204.72,134.78,412.23,273.99,20.37,5888.55
2025-05-29,456.03,199.16,643.04,161.28,171.27,205.7,139.16,413.36,264.94,20.25,5912.17
2025-05-30,457.7,200.06,645.48,163.89,171.15,205.01,135.1,415.09,263.4,19.55,5911.69
2025-06-02,459.3,200.9,668.81,164.92,168.45,206.65,137.35,403.4,259.68,19.74,5935.94
2025-06-03,460.3,202.47,664.78,167.46,165.61,205.71,141.19,412.49,262.51,20.29,5970.37
2025-06-04,461.19,202.02,685.81,166.43,167.47,207.23,141.89,413.91,261.22,20.25,5970.81
2025-06-05,464.98,199.84,682.49,169.44,167.63,207.91,139.96,415.2,265.16,19.99,5939.3
2025-06-06,467.66,203.11,695.54,172.29,173.08,213.57,141.69,416.92,272.48,20.06,6000.36
2025-06-09,470.02,200.65,691.9,175.39,175.69,216.98,142.6,416.26,270.23,20.48,6005.88
2025-06-10,468.2,201.87,700.22,175.72,178.2,217.61,143.93,416.06,266.23,22.08,6038.81
2025-06-11,469.89,197.99,691.98,174.63,176.95,213.2,142.81,412.84,263.94,20.68,6022.24
2025-06-12,476.1,198.41,691.2,197.87,175.3,213.24,144.98,413.68,264.93,20.77,6045.26
2025-06-13,472.22,195.67,680.75,213.08,174.28,212.1,141.95,391.68,256.49,20.14,5976.97
2025-06-16,476.37,197.64,700.47,209.0,176.37,216.1,144.67,401.73,261.93,20.74,6033.11
2025-06-17,475.28,194.87,695.6,206.11,175.55,214.82,144.1,382.68,260.81,20.8,5982.72
2025-06-18,477.47,195.8,694.14,208.78,172.93,212.52,145.46,378.04,257.99,21.49,5980.87
2025-06-20,474.64,200.21,680.75,203.13,166.27,209.69,143.83,376.92,259.11,21.08,5967.84
2025-06-23,483.19,200.7,696.89,204.98,164.82,208.47,144.15,380.12,261.87,21.19,6025.17
2025-06-24,487.28,199.51,710.53,213.13,166.39,212.77,147.88,382.34,269.59,22.55,6092.18
2025-06-25,489.43,200.76,707.02,208.63,170.3,211.99,154.28,387.55,266.2,22.2,6092.16
2025-06-26,494.58,200.21,724.39,210.71,173.15,217.12,154.99,384.95,269.16,22.5,6141.02
2025-06-27,493.08,200.29,731.91,208.15,178.13,223.3,157.72,385.83,271.83,22.69,6173.07
2025-06-30,494.54,204.36,736.36,216.46,175.83,219.39,157.96,386.88,271.1,22.4,6204.95
2025-07-01,489.21,207.0,717.53,216.79,175.44,220.46,153.27,392.1,270.32,22.85,6198.01
2025-07-02,488.25,211.6,711.9,227.7,178.24,219.92,157.22,378.47,267.64,21.88,6227.42
2025-07-03,495.96,212.71,717.33,234.96,179.13,223.41,159.31,379.31,270.56,22.49,6279.35
2025-07-07,494.85,209.12,716.67,229.95,176.39,223.47,158.21,376.93,268.23,22.0,6229.98
2025-07-08,493.75,209.18,718.98,232.17,173.97,219.36,159.97,382.24,272.05,23.59,6225.52
2025-07-09,500.6,210.31,731.06,233.47,176.22,222.54,162.85,373.38,269.34,23.44,6263.26
2025-07-10,498.58,211.57,725.54,233.16,177.22,222.26,164.07,371.43,262.43,23.82,6280.46
2025-07-11,500.41,210.33,715.83,228.75,179.78,225.02,164.89,363.35,256.56,23.43,6259.75
2025-07-14,500.11,207.8,719.23,227.48,181.15,225.69,164.04,366.99,258.17,23.3,6268.56
2025-07-15,502.9,208.28,708.73,233.12,181.59,226.35,170.67,364.18,256.08,22.92,6243.76
2025-07-16,502.7,209.33,701.26,239.41,182.56,223.19,171.34,361.77,256.45,22.69,6263.7
2025-07-17,508.74,209.19,699.77,246.8,183.17,223.88,172.97,366.45,258.36,22.8,6297.36
2025-07-18,507.1,210.35,702.63,243.53,184.64,226.13,172.38,365.79,260.85,23.1,6296.79
2025-07-21,507.11,211.64,711.3,241.63,189.67,229.3,171.35,367.68,260.75,23.26,6305.6
2025-07-22,502.35,213.55,703.16,236.25,190.91,227.47,167.0,372.87,262.05,23.24,6309.62
2025-07-23,502.95,213.3,711.91,240.01,189.8,228.29,170.75,372.46,265.66,23.49,6358.91
2025-07-24,507.93,212.92,713.13,240.93,191.74,232.23,173.71,371.69,266.14,22.63,6363.35
2025-07-25,510.74,213.03,711.01,243.2,192.75,231.44,173.47,370.74,267.54,20.7,6388.64
2025-07-28,509.54,213.2,715.95,245.77,192.15,232.79,176.72,369.47,268.67,20.68,6389.77
2025-07-29,509.61,210.44,698.36,248.02,195.31,231.01,175.48,370.7,265.83,20.41,6370.86
2025-07-30,510.28,208.22,693.58,248.64,196.09,230.19,179.24,364.0,263.27,20.34,6362.9
2025-07-31,530.42,206.75,771.63,251.78,191.47,234.11,177.84,357.69,256.82,19.8,6339.39
2025-08-01,521.08,201.58,748.25,242.51,188.7,214.75,173.69,347.8,249.28,19.31,6238.01
2025-08-04,532.55,202.55,774.55,250.55,194.6,211.65,179.97,338.85,250.85,19.5,6329.94
2025-08-05,524.7,202.12,761.67,253.67,194.23,213.75,178.23,338.74,246.05,20.19,6299.19
2025-08-06,521.91,212.41,770.18,254.42,195.65,222.31,179.39,345.62,247.72,20.41,6345.06
2025-08-07,517.83,219.16,760.04,247.44,196.08,223.13,180.74,338.27,239.47,19.77,6340.0
2025-08-08,519.02,228.44,767.5,248.09,200.97,222.69,182.67,341.05,239.11,19.95,6389.45
2025-08-11,518.76,226.54,764.08,250.7,200.55,221.3,182.03,333.65,231.32,20.65,6373.45
2025-08-12,526.18,229.0,788.15,251.87,202.88,221.47,183.13,338.43,230.31,21.81,6445.76
2025-08-13,517.57,232.67,778.25,242.27,201.51,224.56,181.56,351.07,235.65,22.22,6466.58
2025-08-14,519.46,232.12,780.3,243.04,202.48,230.98,181.99,348.58,232.01,23.86,6468.54
2025-08-15,517.17,230.94,783.39,246.34,203.44,231.03,180.42,354.85,241.03,24.56,6449.8
2025-08-18,514.11,230.24,765.57,247.12,203.04,231.49,181.98,357.24,242.55,23.66,6449.15
2025-08-19,506.83,229.91,749.72,232.78,201.12,228.01,175.61,361.03,244.56,25.31,6411.37
2025-08-20,502.8,225.37,745.97,233.22,198.87,223.81,175.37,353.43,245.01,23.54,6395.78
2025-08-21,502.15,224.27,737.37,231.33,199.3,221.95,174.95,353.43,244.4,23.5,6370.17
2025-08-22,505.13,227.12,753.02,234.52,205.63,228.84,177.96,362.09,246.84,24.8,6466.91
2025-08-25,502.17,226.52,751.53,233.57,208.02,227.94,179.78,363.21,246.42,24.55,6439.32
2025-08-26,499.96,228.66,752.33,232.38,206.67,228.71,181.74,354.91,242.32,24.35,6465.94
2025-08-27,504.64,229.84,745.63,233.96,207.01,229.12,181.57,356.35,248.7,24.85,6481.4
2025-08-28,507.53,231.9,749.35,238.44,211.16,231.6,180.14,353.96,253.05,24.93,6501.86
2025-08-29,504.59,231.49,736.97,224.36,212.43,229.0,174.15,356.7,254.76,24.35,6460.26
2025-09-02,503.03,229.07,733.39,223.54,210.87,225.34,170.75,345.63,251.38,24.21,6415.54
2025-09-03,503.26,237.8,735.32,221.7,230.14,225.99,170.59,348.5,254.95,24.0,6448.26
2025-09-04,505.87,239.1,746.9,221.25,231.78,235.68,171.63,344.31,242.59,24.61,6502.08
2025-09-05,492.95,239.01,750.69,230.98,234.47,232.33,166.99,348.97,249.3,24.49,6481.5
2025-09-08,496.14,237.21,750.54,236.61,233.72,235.84,168.28,358.66,250.8,24.48,6495.15
2025-09-09,496.35,233.69,763.91,239.62,239.3,238.24,170.73,354.06,250.59,24.44,6512.61
2025-09-10,498.3,226.15,750.22,325.76,238.85,230.33,177.3,350.16,241.15,24.77,6532.04
2025-09-11,498.94,229.38,749.14,305.45,240.04,229.95,177.15,350.55,244.84,24.61,6587.47
2025-09-12,507.79,233.41,753.82,289.89,240.47,228.15,177.8,349.36,241.34,24.08,6584.29
2025-09-15,513.23,236.03,762.91,299.77,251.27,231.43,177.73,347.1,241.11,24.77,6615.28
2025-09-16,506.93,237.48,777.17,304.25,250.82,234.05,174.86,352.73,237.91,25.27,6606.76
2025-09-17,507.91,238.32,773.9,299.05,249.19,231.62,170.27,362.07,241.22,24.9,6600.35
2025-09-18,506.34,237.21,778.42,294.3,251.69,231.23,176.22,367.46,243.28,30.57,6631.96
2025-09-19,515.79,244.81,776.56,306.24,254.37,231.48,176.65,365.9,246.08,29.58,6664.36
2025-09-22,512.32,255.36,763.88,325.58,252.19,227.63,183.59,364.08,248.67,28.76,6693.75
2025-09-23,507.12,253.71,754.14,311.37,251.32,220.71,178.41,361.78,243.56,29.34,6656.92
2025-09-24,508.04,251.6,759.39,306.04,246.8,220.21,176.95,353.27,244.88,31.22,6637.97
2025-09-25,504.93,256.15,747.66,289.05,245.46,218.15,177.67,354.16,239.96,33.99,6604.72
2025-09-26,509.34,254.74,742.51,281.24,246.21,219.78,178.17,360.37,242.43,35.5,6643.7
2025-09-29,512.47,253.71,742.16,280.55,243.72,222.17,181.83,359.42,244.09,34.48,6661.21
2025-09-30,515.81,253.91,733.15,279.04,242.77,219.57,186.56,352.75,236.03,33.55,6688.46
2025-10-01,517.56,254.73,716.14,286.75,244.57,220.63,187.22,343.72,234.72,35.94,6711.2
2025-10-02,513.6,256.4,725.84,286.52,245.36,222.41,188.87,351.48,237.9,37.3,6715.35
2025-10-03,515.21,257.29,709.37,283.9,245.02,219.51,187.6,346.74,239.37,36.83,6715.79
2025-10-06,526.38,255.97,714.47,289.31,250.09,220.9,185.52,350.14,244.77,36.59,6740.28
2025-10-07,521.81,255.76,711.89,282.01,245.43,221.78,185.02,348.31,238.76,37.17,6714.59
2025-10-08,522.68,257.33,716.64,286.37,244.29,225.22,189.09,348.77,239.44,37.43,6753.72
2025-10-09,520.24,253.32,732.29,295.15,241.2,227.74,192.55,347.47,244.32,37.8,6735.11
2025-10-10,508.84,244.58,704.12,291.17,236.25,216.37,183.14,337.51,240.69,36.37,6552.51
2025-10-13,511.92,246.96,714.51,306.13,243.82,220.07,188.3,339.32,247.73,37.22,6654.72
2025-10-14,511.44,247.07,707.47,297.17,245.12,216.39,180.01,335.94,238.79,35.63,6644.31
2025-10-15,511.3,248.64,716.35,301.77,250.69,215.57,179.81,330.63,235.61,37.15,6671.06
2025-10-16,509.49,246.75,710.88,311.09,251.12,214.47,181.79,329.23,244.99,36.84,6629.07
2025-10-17,511.45,251.58,715.72,289.53,252.96,213.04,183.2,333.26,242.08,37.01,6664.01
2025-10-20,514.65,261.5,730.95,275.49,256.2,216.48,182.62,343.4,253.24,38.1,6735.13
2025-10-21,515.52,262.03,732.05,273.47,250.12,222.03,181.14,357.55,262.33,38.12,6735.35
2025-10-22,518.38,257.72,732.19,270.99,251.35,217.95,180.26,354.09,255.59,36.92,6699.4
2025-10-23,518.4,258.85,732.77,278.36,252.74,221.09,182.14,354.12,254.0,38.16,6738.44
2025-10-24,521.44,262.08,737.13,281.6,259.57,224.21,186.24,353.52,253.78,38.28,6791.69
2025-10-27,529.32,268.05,749.57,279.68,268.9,226.97,191.47,357.8,254.42,39.54,6875.16
2025-10-28,539.83,268.24,750.19,279.11,267.11,229.25,201.01,359.91,253.22,41.53,6890.89
2025-10-29,539.31,268.94,750.41,273.62,274.2,230.3,207.02,337.86,250.43,41.34,6890.59
2025-10-30,523.58,270.63,665.36,255.32,281.1,222.86,202.87,339.24,255.6,40.16,6822.34
2025-10-31,515.67,269.61,647.27,261.01,280.81,244.22,202.47,340.31,259.34,39.99,6840.2
2025-11-03,514.89,268.29,636.65,256.28,283.34,254.0,206.86,337.47,260.27,39.5,6851.97
2025-11-04,512.2,269.28,626.27,246.65,277.16,249.32,198.67,335.35,253.4,37.03,6771.55
2025-11-05,505.06,269.38,634.89,248.78,283.92,250.2,195.19,335.53,251.64,38.38,6796.29
2025-11-06,495.04,269.01,617.91,242.31,284.36,243.04,188.06,327.35,238.29,37.24,6720.32
2025-11-07,494.76,267.71,620.67,237.8,278.45,244.41,188.13,326.95,238.9,38.13,6728.8
2025-11-10,503.9,268.93,630.71,239.36,289.71,248.4,199.03,328.85,240.72,38.45,6832.43
2025-11-11,506.57,274.74,626.03,234.71,290.91,249.1,193.14,333.22,243.5,37.88,6846.61
2025-11-12,509.02,272.96,607.99,225.6,286.32,244.2,193.78,337.05,245.01,37.89,6850.92
2025-11-13,501.21,272.44,608.87,216.24,278.19,237.58,186.84,333.6,239.44,35.91,6737.49
2025-11-14,508.07,271.9,608.44,221.49,276.04,234.69,190.15,331.11,242.66,35.52,6734.11
2025-11-17,505.39,266.96,601.0,218.52,284.63,232.87,186.58,325.07,236.06,34.71,6672.41
2025-11-18,491.75,266.94,596.69,219.14,283.89,222.55,181.34,324.47,232.54,34.33,6617.32
2025-11-19,485.1,268.06,589.33,224.15,292.41,222.69,186.5,318.11,226.95,35.11,6642.16
2025-11-20,477.34,265.76,588.17,209.4,289.06,217.14,180.62,312.4,224.45,33.62,6538.76
2025-11-21,471.04,270.99,593.26,197.55,299.25,220.69,178.86,324.19,226.18,34.5,6602.99
2025-11-24,472.92,275.41,612.03,199.06,318.15,226.28,182.53,318.73,225.89,35.79,6705.12
2025-11-25,475.9,276.46,635.16,195.83,323.0,229.67,177.8,319.55,233.16,35.83,6765.88
2025-11-26,484.39,277.04,632.55,203.71,319.52,229.16,180.24,317.52,227.21,36.81,6812.61
2025-11-28,490.89,278.33,646.87,200.72,319.75,233.22,176.98,320.13,229.59,40.56,6849.09
2025-12-01,485.63,282.58,639.8,199.71,314.46,233.88,179.9,322.85,231.87,40.01,6812.63
2025-12-02,488.88,285.66,646.02,199.87,315.38,234.42,181.44,322.81,233.75,43.47,6829.37
2025-12-03,476.64,283.62,638.53,206.46,319.2,232.38,179.57,326.78,237.74,43.76,6849.72
2025-12-04,479.74,280.18,660.43,213.02,317.19,229.11,183.37,328.73,246.44,40.5,6857.12
2025-12-05,482.06,278.26,672.3,216.25,320.83,229.53,182.4,346.26,259.5,41.41,6870.4
2025-12-08,489.9,277.37,665.69,219.19,313.5,226.89,185.54,339.12,258.47,40.3,6846.51
2025-12-09,490.9,276.67,655.86,220.18,316.86,227.92,184.96,344.32,259.95,40.5,6840.51
2025-12-10,477.47,278.26,649.04,221.65,319.98,231.78,183.77,343.13,263.12,40.78,6886.68
2025-12-11,482.37,277.51,651.62,197.64,312.21,230.28,180.92,350.43,261.27,39.51,6901.0
2025-12-12,477.44,277.76,643.15,188.81,309.07,226.19,175.01,356.43,261.15,37.81,6827.41
2025-12-15,473.74,273.6,646.96,183.79,308.0,222.54,176.28,351.15,253.54,37.51,6816.51
2025-12-16,475.31,274.1,656.59,187.5,306.35,222.56,177.71,347.89,253.86,37.31,6800.26
2025-12-17,475.04,271.34,648.94,177.37,296.51,221.27,170.93,354.66,257.08,36.05,6721.43
2025-12-18,482.88,271.69,663.88,178.93,302.25,226.76,174.13,355.81,257.21,36.28,6774.76
2025-12-19,484.81,273.16,658.21,190.8,306.94,227.35,180.98,355.86,259.26,36.82,6834.5
2025-12-22,483.82,270.47,660.93,197.17,309.56,228.43,183.68,357.53,263.97,36.37,6878.49
2025-12-23,485.74,271.85,664.37,194.15,314.13,232.14,189.2,352.42,262.77,36.35,6909.79
2025-12-24,486.91,273.3,666.98,196.28,313.87,232.38,188.6,352.98,264.6,36.16,6932.05
2025-12-26,486.6,272.89,662.72,196.78,313.29,232.52,190.52,353.8,265.42,36.2,6929.94
2025-12-29,485.99,273.25,658.13,194.19,313.34,232.07,188.21,353.16,265.57,36.68,6905.74
2025-12-30,486.37,272.57,665.38,196.01,313.63,232.53,187.53,352.51,265.26,37.3,6896.24
2025-12-31,482.52,271.36,659.53,193.72,312.78,230.82,186.49,349.99,264.25,36.9,6845.5
2026-01-02,471.86,270.51,649.85,194.51,314.93,226.5,188.84,333.3,252.99,39.38,6858.47
2026-01-05,471.77,266.76,658.23,191.41,316.32,233.06,188.11,331.56,255.62,39.37,6902.05
2026-01-06,477.42,261.87,660.05,192.57,314.12,240.93,187.23,335.99,262.24,40.04,6944.82
2026-01-07,482.37,259.85,648.14,191.66,321.75,241.56,189.1,338.1,265.46,42.63,6920.93
2026-01-08,477.02,258.56,645.51,188.49,325.21,246.29,185.03,339.04,259.88,41.11,6921.46
2026-01-09,478.19,258.89,652.5,197.83,328.34,247.38,184.85,333.95,259.29,45.55,6966.28
2026-01-12,476.09,259.77,641.42,203.97,331.63,246.47,184.93,327.65,258.75,44.06,6977.27
2026-01-13,469.6,260.57,630.55,201.59,335.73,242.6,185.8,309.93,240.46,47.29,6963.74
2026-01-14,458.33,259.48,614.99,192.94,335.6,236.65,183.13,304.44,238.97,48.72,6926.6
2026-01-15,455.62,257.73,620.27,189.19,332.55,238.18,187.04,304.09,232.95,48.32,6944.47
2026-01-16,458.81,255.06,619.72,190.42,329.77,239.12,186.22,296.12,226.54,46.96,6940.01
2026-01-20,453.48,246.24,603.6,179.29,321.77,231.0,178.06,290.37,219.52,48.56,6796.86
2026-01-21,443.1,247.19,612.44,173.27,328.15,231.31,183.31,294.23,221.03,54.25,6875.62
2026-01-22,450.11,247.89,647.08,177.56,330.31,234.34,184.83,299.73,227.52,54.32,6913.35
2026-01-23,464.89,247.58,658.2,176.54,327.7,239.16,187.66,301.07,227.48,45.07,6915.61
2026-01-26,469.21,254.94,671.78,181.81,333.03,238.42,186.46,304.72,228.83,42.49,6950.23
2026-01-27,479.49,257.79,672.39,174.29,334.31,244.68,188.51,297.42,227.96,43.93,6978.6
2026-01-28,480.53,255.96,668.16,172.2,335.77,243.01,191.51,299.58,227.39,48.78,6978.03
2026-01-29,432.51,257.8,737.68,168.42,338.01,241.73,192.5,291.65,213.55,48.66,6969.01
2026-01-30,429.31,259.0,715.89,164.01,337.76,239.3,191.12,293.25,211.76,46.47,6939.03
2026-02-02,422.41,269.51,705.81,159.5,343.45,242.96,185.6,293.38,210.28,48.81,6976.44
2026-02-03,410.27,268.98,691.11,154.13,339.47,238.62,180.33,271.93,195.89,49.25,6917.81
2026-02-04,413.25,275.98,668.42,146.16,332.81,232.99,174.18,279.71,198.94,48.6,6882.72
2026-02-05,392.77,275.4,669.64,136.0,331.02,222.69,171.87,269.39,189.5,48.24,6798.4
2026-02-06,400.23,277.6,660.89,142.32,322.63,210.32,185.4,268.38,190.87,50.59,6932.3
2026-02-09,412.66,274.37,676.64,156.04,324.09,208.72,190.03,266.9,193.55,50.24,6964.82
2026-02-10,412.33,273.43,670.15,159.33,318.36,206.96,188.53,264.67,192.97,47.13,6941.81
2026-02-11,403.45,275.25,668.12,156.61,310.74,204.08,190.04,257.16,184.54,48.29,6941.47
2026-02-12,400.92,261.49,649.25,155.94,308.78,199.6,186.93,262.5,184.97,46.48,6832.76
2026-02-13,400.41,255.54,639.22,159.58,305.5,198.79,182.8,263.97,189.25,46.79,6836.17
2026-02-17,395.96,263.64,638.74,153.43,301.81,201.15,184.96,260.45,183.83,46.18,6843.22
2026-02-18,398.69,264.11,642.67,155.63,303.12,204.79,187.97,263.17,187.32,45.46,6881.31
2026-02-19,398.46,260.34,644.23,156.0,302.64,204.86,187.89,259.21,184.83,44.62,6861.89
2026-02-20,397.23,264.34,655.1,147.56,314.76,210.11,189.81,258.61,184.7,44.11,6909.51
2026-02-23,384.47,265.93,636.7,140.82,311.27,205.27,191.54,246.68,177.72,43.63,6837.75
2026-02-24,389.0,271.89,638.75,145.63,310.68,208.56,192.84,255.17,184.96,46.12,6890.07
2026-02-25,400.6,273.98,653.13,147.38,312.68,210.64,195.55,257.81,191.27,46.88,6946.13
2026-02-26,401.72,272.7,656.45,149.79,307.16,207.92,184.88,259.04,198.97,45.46,6908.86
2026-02-27,392.74,263.94,647.63,144.89,311.54,210.0,177.18,262.41,194.3,45.61,6878.88
2026-03-02,398.55,264.48,653.0,148.73,306.3,208.39,182.47,260.88,192.47,45.5,6881.62
2026-03-03,403.93,263.51,654.52,148.49,303.37,208.73,180.04,270.99,195.56,43.1,6816.63
2026-03-04,405.2,262.28,667.16,151.84,302.92,216.82,183.03,273.12,192.6,45.58,6869.5
2026-03-05,410.68,260.05,660.0,154.25,300.67,218.94,183.33,281.74,200.89,45.95,6830.71
2026-03-06,408.96,257.22,644.31,152.43,298.31,213.21,177.81,283.62,201.61,43.42,6740.02
2026-03-09,409.41,259.64,646.84,151.03,306.36,213.49,182.64,282.44,198.29,45.58,6795.99
2026-03-10,405.76,260.59,653.51,148.88,307.04,214.33,184.76,275.13,194.42,46.78,6781.48
2026-03-11,404.88,260.57,654.3,162.55,308.7,212.65,186.03,273.71,193.65,47.98,6775.8
2026-03-12,401.86,255.52,637.63,158.61,303.55,209.53,183.14,269.78,198.78,45.25,6672.62
2026-03-13,395.55,249.89,613.18,154.57,302.28,207.67,180.25,249.32,192.35,45.77,6632.19
2026-03-16,399.95,252.59,627.45,155.43,305.56,211.74,183.22,251.86,197.85,45.76,6699.38
2026-03-17,399.41,254.0,622.66,154.15,310.92,215.2,181.93,254.2,194.82,44.06,6716.09
2026-03-18,391.79,249.71,615.68,152.37,307.69,209.87,180.4,246.0,193.86,45.03,6624.7
2026-03-19,389.02,248.73,606.7,154.98,307.13,208.76,178.56,245.99,194.5,46.18,6606.49
2026-03-20,381.87,247.76,593.66,149.16,301.0,205.37,172.7,248.15,194.89,43.87,6506.48
2026-03-23,383.0,251.26,604.06,153.8,302.06,210.14,175.64,247.64,194.69,44.01,6581.0
2026-03-24,372.74,251.41,592.92,146.58,290.44,207.24,175.2,238.87,182.56,44.06,6556.37
2026-03-25,371.04,252.39,594.89,145.51,290.93,211.71,178.68,237.25,181.51,47.18,6591.9
2026-03-26,365.97,252.66,547.54,142.31,280.92,207.54,171.24,240.88,185.18,44.1,6477.16
2026-03-27,356.77,248.57,525.72,139.17,274.34,199.34,167.52,234.84,178.86,43.13,6368.85
2026-03-30,358.96,246.4,536.38,138.32,273.5,200.95,165.17,241.13,184.57,41.19,6343.72
2026-03-31,370.17,253.56,572.13,146.6,287.56,208.27,174.4,243.08,186.2,44.13,6528.52
2026-04-01,369.37,255.39,579.23,144.72,297.39,210.57,175.75,241.37,185.78,48.03,6575.32
2026-04-02,373.46,255.68,574.46,145.87,295.77,209.77,177.39,242.92,186.71,50.38,6582.69
2026-04-06,372.88,258.62,573.02,145.03,299.99,212.79,177.64,244.36,184.57,50.78,6611.83
2026-04-07,372.29,253.27,575.05,142.67,305.46,213.77,178.1,240.14,182.5,52.91,6616.85
2026-04-08,374.33,258.66,612.42,143.16,317.32,221.25,182.08,239.31,175.93,58.95,6782.81
2026-04-09,373.07,260.25,628.39,137.86,318.49,233.65,183.91,229.94,170.85,61.72,6824.66
2026-04-10,370.87,260.24,629.86,138.09,317.24,238.38,188.63,225.35,164.96,62.38,6816.89
2026-04-13,384.37,258.96,634.53,155.62,321.31,239.89,189.31,240.11,172.82,65.18,6886.24
2026-04-14,393.11,258.59,662.49,163.0,332.91,249.02,196.51,235.72,171.31,63.81,6967.38
2026-04-15,411.22,266.18,671.58,169.81,337.12,248.5,198.87,244.66,177.6,64.94,7022.95
2026-04-16,420.26,263.16,676.87,178.34,336.02,249.7,198.35,248.16,181.22,68.5,7041.28
2026-04-17,422.79,269.98,688.55,175.06,341.68,250.56,201.68,244.45,182.14,68.5,7126.06
2026-04-20,418.07,272.8,670.91,177.58,337.42,248.28,202.06,248.63,186.27,65.7,7109.14
2026-04-21,424.16,265.93,668.84,181.17,332.29,249.91,199.88,247.18,187.11,66.26,7064.01
2026-04-22,432.92,272.92,674.72,187.5,339.32,255.36,202.5,255.94,189.8,65.27,7137.9
2026-04-23,415.75,273.18,659.15,176.28,338.89,255.08,199.64,238.98,173.3,66.78,7108.4
2026-04-24,424.62,270.81,675.03,173.28,344.4,263.99,208.27,245.44,178.16,82.54,7165.08
2026-04-27,424.82,267.36,678.62,172.96,350.34,261.12,216.61,239.31,180.18,84.99,7173.91
2026-04-28,429.25,270.46,671.34,165.96,349.78,259.7,213.17,243.2,181.32,84.52,7138.8
2026-04-29,424.46,269.92,669.12,163.83,349.94,263.04,209.25,243.57,181.22,94.75,7135.95
2026-04-30,407.78,271.1,611.91,161.39,384.8,265.06,199.57,246.1,176.53,94.48,7209.01
2026-05-01,414.44,279.88,608.75,171.83,385.69,268.26,198.45,250.71,183.82,99.62,7230.12
2026-05-04,413.62,276.58,610.41,180.29,383.25,272.05,198.48,253.96,185.48,95.78,7200.75
2026-05-05,411.38,283.92,604.96,185.35,388.43,273.55,196.5,255.62,186.99,108.15,7259.22
2026-05-06,413.96,287.25,612.88,194.03,398.04,274.99,207.83,250.17,181.19,113.01,7365.12
2026-05-07,420.77,287.18,616.81,194.59,397.99,271.17,211.5,256.51,186.34,109.62,7337.11
2026-05-08,415.12,293.05,609.63,195.95,400.8,272.68,215.2,253.04,181.82,124.92,7398.93
2026-05-11,412.66,292.68,598.86,193.84,388.64,268.99,219.44,246.15,177.49,129.44,7412.84
2026-05-12,407.77,294.8,603.0,186.83,387.35,265.82,220.78,240.83,171.31,120.61,7400.96
2026-05-13,405.21,298.87,616.63,189.76,402.62,270.13,225.83,236.07,165.84,120.29,7444.25
2026-05-14,409.43,298.21,618.43,195.61,401.07,267.22,235.74,237.01,167.58,115.93,7501.24
2026-05-15,421.92,300.23,614.23,192.95,396.78,264.14,225.32,247.6,173.51,108.77,7408.5
